INSERT INTO CARGO (NOMBRE_CARGO) VALUES ('Upton');
INSERT INTO CARGO (NOMBRE_CARGO) VALUES ('Lance');
INSERT INTO CARGO (NOMBRE_CARGO) VALUES ('Blaine');
INSERT INTO CARGO (NOMBRE_CARGO) VALUES ('Castor');
INSERT INTO CARGO (NOMBRE_CARGO) VALUES ('Susan');
INSERT INTO CARGO (NOMBRE_CARGO) VALUES ('Heather');
INSERT INTO CARGO (NOMBRE_CARGO) VALUES ('Flavia');
INSERT INTO CARGO (NOMBRE_CARGO) VALUES ('Hedley');
INSERT INTO CARGO (NOMBRE_CARGO) VALUES ('Elmo');
INSERT INTO CARGO (NOMBRE_CARGO) VALUES ('Caleb');
INSERT INTO CARGO (NOMBRE_CARGO) VALUES ('Finn');
INSERT INTO CARGO (NOMBRE_CARGO) VALUES ('Hamilton');
INSERT INTO CARGO (NOMBRE_CARGO) VALUES ('Vera');
INSERT INTO CARGO (NOMBRE_CARGO) VALUES ('Lawrence');
INSERT INTO CARGO (NOMBRE_CARGO) VALUES ('Jada');
INSERT INTO CARGO (NOMBRE_CARGO) VALUES ('Karen');
INSERT INTO CARGO (NOMBRE_CARGO) VALUES ('Desiree');
INSERT INTO CARGO (NOMBRE_CARGO) VALUES ('Imelda');
INSERT INTO CARGO (NOMBRE_CARGO) VALUES ('Mariam');
INSERT INTO CARGO (NOMBRE_CARGO) VALUES ('Cleo');

INSERT INTO ASEGURADORA (NOM_ASEGURADORA) VALUES ('Hasad');
INSERT INTO ASEGURADORA (NOM_ASEGURADORA) VALUES ('Wing');
INSERT INTO ASEGURADORA (NOM_ASEGURADORA) VALUES ('Stuart');
INSERT INTO ASEGURADORA (NOM_ASEGURADORA) VALUES ('Reed');
INSERT INTO ASEGURADORA (NOM_ASEGURADORA) VALUES ('Harper');
INSERT INTO ASEGURADORA (NOM_ASEGURADORA) VALUES ('Aubrey');
INSERT INTO ASEGURADORA (NOM_ASEGURADORA) VALUES ('Marshall');
INSERT INTO ASEGURADORA (NOM_ASEGURADORA) VALUES ('Ferris');
INSERT INTO ASEGURADORA (NOM_ASEGURADORA) VALUES ('Eve');
INSERT INTO ASEGURADORA (NOM_ASEGURADORA) VALUES ('Casey');
INSERT INTO ASEGURADORA (NOM_ASEGURADORA) VALUES ('Nelle');
INSERT INTO ASEGURADORA (NOM_ASEGURADORA) VALUES ('Yetta');
INSERT INTO ASEGURADORA (NOM_ASEGURADORA) VALUES ('Jason');
INSERT INTO ASEGURADORA (NOM_ASEGURADORA) VALUES ('Lucian');
INSERT INTO ASEGURADORA (NOM_ASEGURADORA) VALUES ('Mikayla');
INSERT INTO ASEGURADORA (NOM_ASEGURADORA) VALUES ('Ori');
INSERT INTO ASEGURADORA (NOM_ASEGURADORA) VALUES ('Hashim');
INSERT INTO ASEGURADORA (NOM_ASEGURADORA) VALUES ('Maisie');
INSERT INTO ASEGURADORA (NOM_ASEGURADORA) VALUES ('Dennis');
INSERT INTO ASEGURADORA (NOM_ASEGURADORA) VALUES ('Logan');

INSERT INTO DEVOLUCION (NOM_TIPO_DEV) VALUES ('Camille');
INSERT INTO DEVOLUCION (NOM_TIPO_DEV) VALUES ('Nevada');
INSERT INTO DEVOLUCION (NOM_TIPO_DEV) VALUES ('Paula');
INSERT INTO DEVOLUCION (NOM_TIPO_DEV) VALUES ('Jordan');
INSERT INTO DEVOLUCION (NOM_TIPO_DEV) VALUES ('Berk');
INSERT INTO DEVOLUCION (NOM_TIPO_DEV) VALUES ('Mechelle');
INSERT INTO DEVOLUCION (NOM_TIPO_DEV) VALUES ('Ezekiel');
INSERT INTO DEVOLUCION (NOM_TIPO_DEV) VALUES ('Daphne');
INSERT INTO DEVOLUCION (NOM_TIPO_DEV) VALUES ('Ivory');
INSERT INTO DEVOLUCION (NOM_TIPO_DEV) VALUES ('Blythe');
INSERT INTO DEVOLUCION (NOM_TIPO_DEV) VALUES ('Yetta');
INSERT INTO DEVOLUCION (NOM_TIPO_DEV) VALUES ('Omar');
INSERT INTO DEVOLUCION (NOM_TIPO_DEV) VALUES ('Madonna');
INSERT INTO DEVOLUCION (NOM_TIPO_DEV) VALUES ('Stewart');
INSERT INTO DEVOLUCION (NOM_TIPO_DEV) VALUES ('Iona');
INSERT INTO DEVOLUCION (NOM_TIPO_DEV) VALUES ('Macy');
INSERT INTO DEVOLUCION (NOM_TIPO_DEV) VALUES ('Freya');
INSERT INTO DEVOLUCION (NOM_TIPO_DEV) VALUES ('Morgan');
INSERT INTO DEVOLUCION (NOM_TIPO_DEV) VALUES ('Blair');
INSERT INTO DEVOLUCION (NOM_TIPO_DEV) VALUES ('Kennedy');

INSERT INTO ESTADO_ATEN (NOM_ESTADO_ATEN) VALUES ('Lucas');
INSERT INTO ESTADO_ATEN (NOM_ESTADO_ATEN) VALUES ('Keefe');
INSERT INTO ESTADO_ATEN (NOM_ESTADO_ATEN) VALUES ('Quinn');
INSERT INTO ESTADO_ATEN (NOM_ESTADO_ATEN) VALUES ('William');
INSERT INTO ESTADO_ATEN (NOM_ESTADO_ATEN) VALUES ('Ali');
INSERT INTO ESTADO_ATEN (NOM_ESTADO_ATEN) VALUES ('Serena');
INSERT INTO ESTADO_ATEN (NOM_ESTADO_ATEN) VALUES ('Lois');
INSERT INTO ESTADO_ATEN (NOM_ESTADO_ATEN) VALUES ('Germaine');
INSERT INTO ESTADO_ATEN (NOM_ESTADO_ATEN) VALUES ('Liberty');
INSERT INTO ESTADO_ATEN (NOM_ESTADO_ATEN) VALUES ('Ivy');
INSERT INTO ESTADO_ATEN (NOM_ESTADO_ATEN) VALUES ('Kane');
INSERT INTO ESTADO_ATEN (NOM_ESTADO_ATEN) VALUES ('Chiquita');
INSERT INTO ESTADO_ATEN (NOM_ESTADO_ATEN) VALUES ('Amber');
INSERT INTO ESTADO_ATEN (NOM_ESTADO_ATEN) VALUES ('Tanya');
INSERT INTO ESTADO_ATEN (NOM_ESTADO_ATEN) VALUES ('Danielle');
INSERT INTO ESTADO_ATEN (NOM_ESTADO_ATEN) VALUES ('Molly');
INSERT INTO ESTADO_ATEN (NOM_ESTADO_ATEN) VALUES ('Hillary');
INSERT INTO ESTADO_ATEN (NOM_ESTADO_ATEN) VALUES ('Wyoming');
INSERT INTO ESTADO_ATEN (NOM_ESTADO_ATEN) VALUES ('Kristen');
INSERT INTO ESTADO_ATEN (NOM_ESTADO_ATEN) VALUES ('Wallace');

INSERT INTO ORDEN_ANALISIS (FECHA_HORA_EMISION,FECHA_HORA_RECEP) VALUES (TO_DATE('12/28/2015','MM/DD/YYYY'),TO_DATE('01/28/2019','MM/DD/YYYY'));
INSERT INTO ORDEN_ANALISIS (FECHA_HORA_EMISION,FECHA_HORA_RECEP) VALUES (TO_DATE('05/05/2016','MM/DD/YYYY'),TO_DATE('02/28/2019','MM/DD/YYYY'));
INSERT INTO ORDEN_ANALISIS (FECHA_HORA_EMISION,FECHA_HORA_RECEP) VALUES (TO_DATE('10/14/2016','MM/DD/YYYY'),TO_DATE('03/28/2019','MM/DD/YYYY'));
INSERT INTO ORDEN_ANALISIS (FECHA_HORA_EMISION,FECHA_HORA_RECEP) VALUES (TO_DATE('05/03/2017','MM/DD/YYYY'),TO_DATE('04/28/2019','MM/DD/YYYY'));
INSERT INTO ORDEN_ANALISIS (FECHA_HORA_EMISION,FECHA_HORA_RECEP) VALUES (TO_DATE('09/09/2017','MM/DD/YYYY'),TO_DATE('05/28/2019','MM/DD/YYYY'));
INSERT INTO ORDEN_ANALISIS (FECHA_HORA_EMISION,FECHA_HORA_RECEP) VALUES (TO_DATE('07/14/2016','MM/DD/YYYY'),TO_DATE('06/28/2019','MM/DD/YYYY'));
INSERT INTO ORDEN_ANALISIS (FECHA_HORA_EMISION,FECHA_HORA_RECEP) VALUES (TO_DATE('06/07/2017','MM/DD/YYYY'),TO_DATE('07/28/2019','MM/DD/YYYY'));
INSERT INTO ORDEN_ANALISIS (FECHA_HORA_EMISION,FECHA_HORA_RECEP) VALUES (TO_DATE('06/29/2017','MM/DD/YYYY'),TO_DATE('08/28/2019','MM/DD/YYYY'));
INSERT INTO ORDEN_ANALISIS (FECHA_HORA_EMISION,FECHA_HORA_RECEP) VALUES (TO_DATE('04/29/2017','MM/DD/YYYY'),TO_DATE('09/28/2019','MM/DD/YYYY'));
INSERT INTO ORDEN_ANALISIS (FECHA_HORA_EMISION,FECHA_HORA_RECEP) VALUES (TO_DATE('01/28/2016','MM/DD/YYYY'),TO_DATE('10/28/2019','MM/DD/YYYY'));
INSERT INTO ORDEN_ANALISIS (FECHA_HORA_EMISION,FECHA_HORA_RECEP) VALUES (TO_DATE('05/31/2017','MM/DD/YYYY'),TO_DATE('11/28/2019','MM/DD/YYYY'));
INSERT INTO ORDEN_ANALISIS (FECHA_HORA_EMISION,FECHA_HORA_RECEP) VALUES (TO_DATE('10/02/2017','MM/DD/YYYY'),TO_DATE('12/28/2019','MM/DD/YYYY'));
INSERT INTO ORDEN_ANALISIS (FECHA_HORA_EMISION,FECHA_HORA_RECEP) VALUES (TO_DATE('01/10/2016','MM/DD/YYYY'),TO_DATE('05/28/2019','MM/DD/YYYY'));
INSERT INTO ORDEN_ANALISIS (FECHA_HORA_EMISION,FECHA_HORA_RECEP) VALUES (TO_DATE('12/11/2016','MM/DD/YYYY'),TO_DATE('01/28/2019','MM/DD/YYYY'));
INSERT INTO ORDEN_ANALISIS (FECHA_HORA_EMISION,FECHA_HORA_RECEP) VALUES (TO_DATE('09/22/2017','MM/DD/YYYY'),TO_DATE('12/28/2019','MM/DD/YYYY'));
INSERT INTO ORDEN_ANALISIS (FECHA_HORA_EMISION,FECHA_HORA_RECEP) VALUES (TO_DATE('09/13/2016','MM/DD/YYYY'),TO_DATE('10/28/2019','MM/DD/YYYY'));
INSERT INTO ORDEN_ANALISIS (FECHA_HORA_EMISION,FECHA_HORA_RECEP) VALUES (TO_DATE('03/20/2017','MM/DD/YYYY'),TO_DATE('09/28/2019','MM/DD/YYYY'));
INSERT INTO ORDEN_ANALISIS (FECHA_HORA_EMISION,FECHA_HORA_RECEP) VALUES (TO_DATE('11/02/2015','MM/DD/YYYY'),TO_DATE('07/28/2019','MM/DD/YYYY'));
INSERT INTO ORDEN_ANALISIS (FECHA_HORA_EMISION,FECHA_HORA_RECEP) VALUES (TO_DATE('08/10/2017','MM/DD/YYYY'),TO_DATE('03/28/2019','MM/DD/YYYY'));
INSERT INTO ORDEN_ANALISIS (FECHA_HORA_EMISION,FECHA_HORA_RECEP) VALUES (TO_DATE('06/23/2017','MM/DD/YYYY'),TO_DATE('02/28/2019','MM/DD/YYYY'));

INSERT INTO ESPECIALIDAD (NOM_ESPECIALIDAD) VALUES ('Josefa');
INSERT INTO ESPECIALIDAD (NOM_ESPECIALIDAD) VALUES ('Maira');
INSERT INTO ESPECIALIDAD (NOM_ESPECIALIDAD) VALUES ('Raúl');
INSERT INTO ESPECIALIDAD (NOM_ESPECIALIDAD) VALUES ('Clemente');
INSERT INTO ESPECIALIDAD (NOM_ESPECIALIDAD) VALUES ('Melani');
INSERT INTO ESPECIALIDAD (NOM_ESPECIALIDAD) VALUES ('Letizia');
INSERT INTO ESPECIALIDAD (NOM_ESPECIALIDAD) VALUES ('Adolfo');
INSERT INTO ESPECIALIDAD (NOM_ESPECIALIDAD) VALUES ('Jeremías');
INSERT INTO ESPECIALIDAD (NOM_ESPECIALIDAD) VALUES ('Dennise');
INSERT INTO ESPECIALIDAD (NOM_ESPECIALIDAD) VALUES ('Yoel');
INSERT INTO ESPECIALIDAD (NOM_ESPECIALIDAD) VALUES ('Adrian');
INSERT INTO ESPECIALIDAD (NOM_ESPECIALIDAD) VALUES ('Gustavo');
INSERT INTO ESPECIALIDAD (NOM_ESPECIALIDAD) VALUES ('Gael');
INSERT INTO ESPECIALIDAD (NOM_ESPECIALIDAD) VALUES ('Yanina');
INSERT INTO ESPECIALIDAD (NOM_ESPECIALIDAD) VALUES ('Nayadeth');
INSERT INTO ESPECIALIDAD (NOM_ESPECIALIDAD) VALUES ('Deyanira');
INSERT INTO ESPECIALIDAD (NOM_ESPECIALIDAD) VALUES ('Gladys');
INSERT INTO ESPECIALIDAD (NOM_ESPECIALIDAD) VALUES ('Helena');
INSERT INTO ESPECIALIDAD (NOM_ESPECIALIDAD) VALUES ('Isabella');
INSERT INTO ESPECIALIDAD (NOM_ESPECIALIDAD) VALUES ('Dana');


INSERT INTO TIPO_PRES (NOM_TIPO_PREST) VALUES ('Madeleyn');
INSERT INTO TIPO_PRES (NOM_TIPO_PREST) VALUES ('Sofia');
INSERT INTO TIPO_PRES (NOM_TIPO_PREST) VALUES ('Dennise');
INSERT INTO TIPO_PRES (NOM_TIPO_PREST) VALUES ('Marcia');
INSERT INTO TIPO_PRES (NOM_TIPO_PREST) VALUES ('Sergio');
INSERT INTO TIPO_PRES (NOM_TIPO_PREST) VALUES ('Amalia');
INSERT INTO TIPO_PRES (NOM_TIPO_PREST) VALUES ('Constansa');
INSERT INTO TIPO_PRES (NOM_TIPO_PREST) VALUES ('Ester');
INSERT INTO TIPO_PRES (NOM_TIPO_PREST) VALUES ('Nayara');
INSERT INTO TIPO_PRES (NOM_TIPO_PREST) VALUES ('Aramis');
INSERT INTO TIPO_PRES (NOM_TIPO_PREST) VALUES ('Víctor');
INSERT INTO TIPO_PRES (NOM_TIPO_PREST) VALUES ('Dannae');
INSERT INTO TIPO_PRES (NOM_TIPO_PREST) VALUES ('Adrián');
INSERT INTO TIPO_PRES (NOM_TIPO_PREST) VALUES ('Ninoska');
INSERT INTO TIPO_PRES (NOM_TIPO_PREST) VALUES ('Cecilia');
INSERT INTO TIPO_PRES (NOM_TIPO_PREST) VALUES ('Alén');
INSERT INTO TIPO_PRES (NOM_TIPO_PREST) VALUES ('Keily');
INSERT INTO TIPO_PRES (NOM_TIPO_PREST) VALUES ('Aldair');
INSERT INTO TIPO_PRES (NOM_TIPO_PREST) VALUES ('Paz');
INSERT INTO TIPO_PRES (NOM_TIPO_PREST) VALUES ('Jason');

INSERT INTO TIPO_EQUIPO (NOMBRE_TIPO_EQUIPO) VALUES ('Beltrán');
INSERT INTO TIPO_EQUIPO (NOMBRE_TIPO_EQUIPO) VALUES ('Jhonny');
INSERT INTO TIPO_EQUIPO (NOMBRE_TIPO_EQUIPO) VALUES ('Ambar');
INSERT INTO TIPO_EQUIPO (NOMBRE_TIPO_EQUIPO) VALUES ('Elsa');
INSERT INTO TIPO_EQUIPO (NOMBRE_TIPO_EQUIPO) VALUES ('Mario');
INSERT INTO TIPO_EQUIPO (NOMBRE_TIPO_EQUIPO) VALUES ('Francoise');
INSERT INTO TIPO_EQUIPO (NOMBRE_TIPO_EQUIPO) VALUES ('Edwin');
INSERT INTO TIPO_EQUIPO (NOMBRE_TIPO_EQUIPO) VALUES ('Cristobal');
INSERT INTO TIPO_EQUIPO (NOMBRE_TIPO_EQUIPO) VALUES ('Yael');
INSERT INTO TIPO_EQUIPO (NOMBRE_TIPO_EQUIPO) VALUES ('Ronaldo');
INSERT INTO TIPO_EQUIPO (NOMBRE_TIPO_EQUIPO) VALUES ('Andy');
INSERT INTO TIPO_EQUIPO (NOMBRE_TIPO_EQUIPO) VALUES ('Luca');
INSERT INTO TIPO_EQUIPO (NOMBRE_TIPO_EQUIPO) VALUES ('Mirko');
INSERT INTO TIPO_EQUIPO (NOMBRE_TIPO_EQUIPO) VALUES ('Ágata');
INSERT INTO TIPO_EQUIPO (NOMBRE_TIPO_EQUIPO) VALUES ('Vincent');
INSERT INTO TIPO_EQUIPO (NOMBRE_TIPO_EQUIPO) VALUES ('Judith');
INSERT INTO TIPO_EQUIPO (NOMBRE_TIPO_EQUIPO) VALUES ('Gisela');
INSERT INTO TIPO_EQUIPO (NOMBRE_TIPO_EQUIPO) VALUES ('Renata');
INSERT INTO TIPO_EQUIPO (NOMBRE_TIPO_EQUIPO) VALUES ('Jael');
INSERT INTO TIPO_EQUIPO (NOMBRE_TIPO_EQUIPO) VALUES ('Carmen');

INSERT INTO BONO (CANT_BONO,COD_ASEGURADORA,ID_ASEGURADORA) VALUES (9854583,'4519',1);
INSERT INTO BONO (CANT_BONO,COD_ASEGURADORA,ID_ASEGURADORA) VALUES (6579818,'7132',2);
INSERT INTO BONO (CANT_BONO,COD_ASEGURADORA,ID_ASEGURADORA) VALUES (2721085,'5422',3);
INSERT INTO BONO (CANT_BONO,COD_ASEGURADORA,ID_ASEGURADORA) VALUES (3724540,'9614',4);
INSERT INTO BONO (CANT_BONO,COD_ASEGURADORA,ID_ASEGURADORA) VALUES (7061004,'1423',5);
INSERT INTO BONO (CANT_BONO,COD_ASEGURADORA,ID_ASEGURADORA) VALUES (5731199,'7601',6);
INSERT INTO BONO (CANT_BONO,COD_ASEGURADORA,ID_ASEGURADORA) VALUES (7259933,'1500',7);
INSERT INTO BONO (CANT_BONO,COD_ASEGURADORA,ID_ASEGURADORA) VALUES (9540624,'9331',8);
INSERT INTO BONO (CANT_BONO,COD_ASEGURADORA,ID_ASEGURADORA) VALUES (364655,'9440',9);
INSERT INTO BONO (CANT_BONO,COD_ASEGURADORA,ID_ASEGURADORA) VALUES (9726828,'3120',10);
INSERT INTO BONO (CANT_BONO,COD_ASEGURADORA,ID_ASEGURADORA) VALUES (615970,'6262',11);
INSERT INTO BONO (CANT_BONO,COD_ASEGURADORA,ID_ASEGURADORA) VALUES (1404712,'6982',12);
INSERT INTO BONO (CANT_BONO,COD_ASEGURADORA,ID_ASEGURADORA) VALUES (7796576,'4731',13);
INSERT INTO BONO (CANT_BONO,COD_ASEGURADORA,ID_ASEGURADORA) VALUES (7005950,'5895',14);
INSERT INTO BONO (CANT_BONO,COD_ASEGURADORA,ID_ASEGURADORA) VALUES (4804609,'8563',15);
INSERT INTO BONO (CANT_BONO,COD_ASEGURADORA,ID_ASEGURADORA) VALUES (8830806,'1432',16);
INSERT INTO BONO (CANT_BONO,COD_ASEGURADORA,ID_ASEGURADORA) VALUES (5275346,'1938',17);
INSERT INTO BONO (CANT_BONO,COD_ASEGURADORA,ID_ASEGURADORA) VALUES (653726,'6614',18);
INSERT INTO BONO (CANT_BONO,COD_ASEGURADORA,ID_ASEGURADORA) VALUES (6497721,'8608',19);
INSERT INTO BONO (CANT_BONO,COD_ASEGURADORA,ID_ASEGURADORA) VALUES (9866602,'2554',20);


INSERT INTO PACIENTE (NOMBRES_PACIENTE,APELLIDOS_PACIENTE,RUT,HASHED_PASS,EMAIL_PACIENTE,DIGITO_VERIFICADOR) VALUES ('Tarik','Olsen','27653653','Donec','in.felis@antedictummi.org','2');
INSERT INTO PACIENTE (NOMBRES_PACIENTE,APELLIDOS_PACIENTE,RUT,HASHED_PASS,EMAIL_PACIENTE,DIGITO_VERIFICADOR) VALUES ('Alea','Gordon','44040855','nec','metus.Aliquam.erat@tellus.com','9');
INSERT INTO PACIENTE (NOMBRES_PACIENTE,APELLIDOS_PACIENTE,RUT,HASHED_PASS,EMAIL_PACIENTE,DIGITO_VERIFICADOR) VALUES ('Jaime','Pope','7216879','tempus','nec@euplacerat.ca','8');
INSERT INTO PACIENTE (NOMBRES_PACIENTE,APELLIDOS_PACIENTE,RUT,HASHED_PASS,EMAIL_PACIENTE,DIGITO_VERIFICADOR) VALUES ('Morgan','Garner','26034708','scelerisque','condimentum.Donec@arcu.com','K');
INSERT INTO PACIENTE (NOMBRES_PACIENTE,APELLIDOS_PACIENTE,RUT,HASHED_PASS,EMAIL_PACIENTE,DIGITO_VERIFICADOR) VALUES ('Hope','Perez','26905702','Nullam','rutrum@aliquetliberoInteger.com','5');
INSERT INTO PACIENTE (NOMBRES_PACIENTE,APELLIDOS_PACIENTE,RUT,HASHED_PASS,EMAIL_PACIENTE,DIGITO_VERIFICADOR) VALUES ('Cade','Torres','34886739','neque','Cras@Phasellusdapibusquam.edu','3');
INSERT INTO PACIENTE (NOMBRES_PACIENTE,APELLIDOS_PACIENTE,RUT,HASHED_PASS,EMAIL_PACIENTE,DIGITO_VERIFICADOR) VALUES ('Tanek','Bryant','22432656','rutrum','sem.semper.erat@ligulatortordictum.edu','4');
INSERT INTO PACIENTE (NOMBRES_PACIENTE,APELLIDOS_PACIENTE,RUT,HASHED_PASS,EMAIL_PACIENTE,DIGITO_VERIFICADOR) VALUES ('Hanae','Burns','12823850','elit','Suspendisse.commodo.tincidunt@infaucibusorci.net','6');
INSERT INTO PACIENTE (NOMBRES_PACIENTE,APELLIDOS_PACIENTE,RUT,HASHED_PASS,EMAIL_PACIENTE,DIGITO_VERIFICADOR) VALUES ('Destiny','Moody','38870712','lobortis','mollis.Integer@nectempusmauris.org','7');
INSERT INTO PACIENTE (NOMBRES_PACIENTE,APELLIDOS_PACIENTE,RUT,HASHED_PASS,EMAIL_PACIENTE,DIGITO_VERIFICADOR) VALUES ('Jackson','Carson','36188186','interdum.','mattis.semper.dui@sem.com','9');
INSERT INTO PACIENTE (NOMBRES_PACIENTE,APELLIDOS_PACIENTE,RUT,HASHED_PASS,EMAIL_PACIENTE,DIGITO_VERIFICADOR) VALUES ('Maisie','Hogan','45092302','orci,','natoque@tempus.co.uk','8');
INSERT INTO PACIENTE (NOMBRES_PACIENTE,APELLIDOS_PACIENTE,RUT,HASHED_PASS,EMAIL_PACIENTE,DIGITO_VERIFICADOR) VALUES ('Uriel','Macdonald','17581669','a','iaculis.enim@dictum.net','0');
INSERT INTO PACIENTE (NOMBRES_PACIENTE,APELLIDOS_PACIENTE,RUT,HASHED_PASS,EMAIL_PACIENTE,DIGITO_VERIFICADOR) VALUES ('Jane','Roberson','11350062','Vestibulum','augue@urna.net','K');
INSERT INTO PACIENTE (NOMBRES_PACIENTE,APELLIDOS_PACIENTE,RUT,HASHED_PASS,EMAIL_PACIENTE,DIGITO_VERIFICADOR) VALUES ('Bernard','Holland','22144764','Curabitur','neque.Nullam.nisl@metusvitaevelit.com','6');
INSERT INTO PACIENTE (NOMBRES_PACIENTE,APELLIDOS_PACIENTE,RUT,HASHED_PASS,EMAIL_PACIENTE,DIGITO_VERIFICADOR) VALUES ('Hadassah','Wise','49401122','sed,','nunc.sit@et.net','0');
INSERT INTO PACIENTE (NOMBRES_PACIENTE,APELLIDOS_PACIENTE,RUT,HASHED_PASS,EMAIL_PACIENTE,DIGITO_VERIFICADOR) VALUES ('Mariam','Ellis','10210280','ipsum','risus.In@tortor.ca','0');
INSERT INTO PACIENTE (NOMBRES_PACIENTE,APELLIDOS_PACIENTE,RUT,HASHED_PASS,EMAIL_PACIENTE,DIGITO_VERIFICADOR) VALUES ('Sloane','Hurst','32024859','vehicula','justo.Proin@aptenttaciti.com','0');
INSERT INTO PACIENTE (NOMBRES_PACIENTE,APELLIDOS_PACIENTE,RUT,HASHED_PASS,EMAIL_PACIENTE,DIGITO_VERIFICADOR) VALUES ('Odette','Mathews','39850062','Quisque','est.vitae.sodales@aliquamiaculislacus.edu','8');
INSERT INTO PACIENTE (NOMBRES_PACIENTE,APELLIDOS_PACIENTE,RUT,HASHED_PASS,EMAIL_PACIENTE,DIGITO_VERIFICADOR) VALUES ('Noelle','Ayala','5611368','malesuada','eleifend.non.dapibus@loremeumetus.org','1');
INSERT INTO PACIENTE (NOMBRES_PACIENTE,APELLIDOS_PACIENTE,RUT,HASHED_PASS,EMAIL_PACIENTE,DIGITO_VERIFICADOR) VALUES ('Lael','Gay','13393731','id','semper@dictummi.org','5');

INSERT INTO FICHA (FEC_NAC,SEXO,ID_PACIENTE) VALUES (TO_DATE('04/05/2017','MM/DD/YYYY'),'M',1);
INSERT INTO FICHA (FEC_NAC,SEXO,ID_PACIENTE) VALUES (TO_DATE('11/23/2016','MM/DD/YYYY'),'F',2);
INSERT INTO FICHA (FEC_NAC,SEXO,ID_PACIENTE) VALUES (TO_DATE('03/18/2016','MM/DD/YYYY'),'M',3);
INSERT INTO FICHA (FEC_NAC,SEXO,ID_PACIENTE) VALUES (TO_DATE('05/31/2016','MM/DD/YYYY'),'F',4);
INSERT INTO FICHA (FEC_NAC,SEXO,ID_PACIENTE) VALUES (TO_DATE('10/19/2015','MM/DD/YYYY'),'F',5);
INSERT INTO FICHA (FEC_NAC,SEXO,ID_PACIENTE) VALUES (TO_DATE('11/16/2016','MM/DD/YYYY'),'M',6);
INSERT INTO FICHA (FEC_NAC,SEXO,ID_PACIENTE) VALUES (TO_DATE('08/25/2017','MM/DD/YYYY'),'M',7);
INSERT INTO FICHA (FEC_NAC,SEXO,ID_PACIENTE) VALUES (TO_DATE('12/10/2015','MM/DD/YYYY'),'M',8);
INSERT INTO FICHA (FEC_NAC,SEXO,ID_PACIENTE) VALUES (TO_DATE('01/18/2017','MM/DD/YYYY'),'M',9);
INSERT INTO FICHA (FEC_NAC,SEXO,ID_PACIENTE) VALUES (TO_DATE('06/22/2016','MM/DD/YYYY'),'F',10);
INSERT INTO FICHA (FEC_NAC,SEXO,ID_PACIENTE) VALUES (TO_DATE('05/14/2017','MM/DD/YYYY'),'F',11);
INSERT INTO FICHA (FEC_NAC,SEXO,ID_PACIENTE) VALUES (TO_DATE('04/18/2017','MM/DD/YYYY'),'M',12);
INSERT INTO FICHA (FEC_NAC,SEXO,ID_PACIENTE) VALUES (TO_DATE('02/07/2017','MM/DD/YYYY'),'M',13);
INSERT INTO FICHA (FEC_NAC,SEXO,ID_PACIENTE) VALUES (TO_DATE('04/12/2016','MM/DD/YYYY'),'F',14);
INSERT INTO FICHA (FEC_NAC,SEXO,ID_PACIENTE) VALUES (TO_DATE('11/22/2016','MM/DD/YYYY'),'M',15);
INSERT INTO FICHA (FEC_NAC,SEXO,ID_PACIENTE) VALUES (TO_DATE('05/02/2016','MM/DD/YYYY'),'M',16);
INSERT INTO FICHA (FEC_NAC,SEXO,ID_PACIENTE) VALUES (TO_DATE('12/28/2015','MM/DD/YYYY'),'F',17);
INSERT INTO FICHA (FEC_NAC,SEXO,ID_PACIENTE) VALUES (TO_DATE('10/29/2016','MM/DD/YYYY'),'F',18);
INSERT INTO FICHA (FEC_NAC,SEXO,ID_PACIENTE) VALUES (TO_DATE('05/09/2017','MM/DD/YYYY'),'M',19);
INSERT INTO FICHA (FEC_NAC,SEXO,ID_PACIENTE) VALUES (TO_DATE('03/22/2016','MM/DD/YYYY'),'F',20);

INSERT INTO ENTRADA_FICHA (NOMBRE_ENTRADA,CONTENIDO_ENTRADA,FECHA_ENTRADA,ID_FICHA) VALUES ('interdum','sit',TO_DATE('02/14/2017','MM/DD/YYYY'),1);
INSERT INTO ENTRADA_FICHA (NOMBRE_ENTRADA,CONTENIDO_ENTRADA,FECHA_ENTRADA,ID_FICHA) VALUES ('feugiat.','at, egestas a, scelerisque sed,',TO_DATE('07/29/2017','MM/DD/YYYY'),2);
INSERT INTO ENTRADA_FICHA (NOMBRE_ENTRADA,CONTENIDO_ENTRADA,FECHA_ENTRADA,ID_FICHA) VALUES ('mauris.','sem',TO_DATE('03/04/2016','MM/DD/YYYY'),3);
INSERT INTO ENTRADA_FICHA (NOMBRE_ENTRADA,CONTENIDO_ENTRADA,FECHA_ENTRADA,ID_FICHA) VALUES ('non','purus sapien, gravida non, sollicitudin',TO_DATE('08/22/2017','MM/DD/YYYY'),4);
INSERT INTO ENTRADA_FICHA (NOMBRE_ENTRADA,CONTENIDO_ENTRADA,FECHA_ENTRADA,ID_FICHA) VALUES ('eleifend,','justo. Praesent luctus. Curabitur',TO_DATE('06/25/2016','MM/DD/YYYY'),5);
INSERT INTO ENTRADA_FICHA (NOMBRE_ENTRADA,CONTENIDO_ENTRADA,FECHA_ENTRADA,ID_FICHA) VALUES ('eu,','semper pretium',TO_DATE('02/06/2016','MM/DD/YYYY'),6);
INSERT INTO ENTRADA_FICHA (NOMBRE_ENTRADA,CONTENIDO_ENTRADA,FECHA_ENTRADA,ID_FICHA) VALUES ('enim','a',TO_DATE('08/08/2016','MM/DD/YYYY'),7);
INSERT INTO ENTRADA_FICHA (NOMBRE_ENTRADA,CONTENIDO_ENTRADA,FECHA_ENTRADA,ID_FICHA) VALUES ('vel','in faucibus orci luctus',TO_DATE('10/19/2016','MM/DD/YYYY'),8);
INSERT INTO ENTRADA_FICHA (NOMBRE_ENTRADA,CONTENIDO_ENTRADA,FECHA_ENTRADA,ID_FICHA) VALUES ('lectus','neque. Nullam ut nisi a',TO_DATE('02/13/2016','MM/DD/YYYY'),9);
INSERT INTO ENTRADA_FICHA (NOMBRE_ENTRADA,CONTENIDO_ENTRADA,FECHA_ENTRADA,ID_FICHA) VALUES ('libero','ut quam vel',TO_DATE('10/12/2016','MM/DD/YYYY'),10);
INSERT INTO ENTRADA_FICHA (NOMBRE_ENTRADA,CONTENIDO_ENTRADA,FECHA_ENTRADA,ID_FICHA) VALUES ('quam','Nunc commodo auctor',TO_DATE('04/04/2017','MM/DD/YYYY'),11);
INSERT INTO ENTRADA_FICHA (NOMBRE_ENTRADA,CONTENIDO_ENTRADA,FECHA_ENTRADA,ID_FICHA) VALUES ('leo.','luctus et ultrices posuere',TO_DATE('10/01/2017','MM/DD/YYYY'),12);
INSERT INTO ENTRADA_FICHA (NOMBRE_ENTRADA,CONTENIDO_ENTRADA,FECHA_ENTRADA,ID_FICHA) VALUES ('ullamcorper','Suspendisse',TO_DATE('06/10/2017','MM/DD/YYYY'),13);
INSERT INTO ENTRADA_FICHA (NOMBRE_ENTRADA,CONTENIDO_ENTRADA,FECHA_ENTRADA,ID_FICHA) VALUES ('quis','sem,',TO_DATE('03/10/2017','MM/DD/YYYY'),14);
INSERT INTO ENTRADA_FICHA (NOMBRE_ENTRADA,CONTENIDO_ENTRADA,FECHA_ENTRADA,ID_FICHA) VALUES ('elit,','eget,',TO_DATE('10/02/2017','MM/DD/YYYY'),15);
INSERT INTO ENTRADA_FICHA (NOMBRE_ENTRADA,CONTENIDO_ENTRADA,FECHA_ENTRADA,ID_FICHA) VALUES ('vitae,','aliquet molestie tellus. Aenean',TO_DATE('07/17/2017','MM/DD/YYYY'),16);
INSERT INTO ENTRADA_FICHA (NOMBRE_ENTRADA,CONTENIDO_ENTRADA,FECHA_ENTRADA,ID_FICHA) VALUES ('ut','eu',TO_DATE('12/03/2016','MM/DD/YYYY'),17);
INSERT INTO ENTRADA_FICHA (NOMBRE_ENTRADA,CONTENIDO_ENTRADA,FECHA_ENTRADA,ID_FICHA) VALUES ('id,','ridiculus mus. Aenean eget',TO_DATE('06/22/2017','MM/DD/YYYY'),18);
INSERT INTO ENTRADA_FICHA (NOMBRE_ENTRADA,CONTENIDO_ENTRADA,FECHA_ENTRADA,ID_FICHA) VALUES ('montes,','nonummy ultricies ornare, elit elit',TO_DATE('08/09/2017','MM/DD/YYYY'),19);
INSERT INTO ENTRADA_FICHA (NOMBRE_ENTRADA,CONTENIDO_ENTRADA,FECHA_ENTRADA,ID_FICHA) VALUES ('ornare.','massa. Mauris',TO_DATE('03/23/2017','MM/DD/YYYY'),20);

INSERT INTO PERSONAL (NOMBRES,APELLIDOS,REMUNERACION,HASHED_PASS,PORCENT_DESCUENTO) VALUES ('Salvador','Schroeder',4232838,'Mauris',27);
INSERT INTO PERSONAL (NOMBRES,APELLIDOS,REMUNERACION,HASHED_PASS,PORCENT_DESCUENTO) VALUES ('Kirby','Johnston',3533999,'nisl.',88);
INSERT INTO PERSONAL (NOMBRES,APELLIDOS,REMUNERACION,HASHED_PASS,PORCENT_DESCUENTO) VALUES ('Lester','Aguilar',5335075,'diam',27);
INSERT INTO PERSONAL (NOMBRES,APELLIDOS,REMUNERACION,HASHED_PASS,PORCENT_DESCUENTO) VALUES ('Carol','Owens',1822495,'hendrerit',97);
INSERT INTO PERSONAL (NOMBRES,APELLIDOS,REMUNERACION,HASHED_PASS,PORCENT_DESCUENTO) VALUES ('Kyle','Buck',9913662,'euismod',82);
INSERT INTO PERSONAL (NOMBRES,APELLIDOS,REMUNERACION,HASHED_PASS,PORCENT_DESCUENTO) VALUES ('Addison','Schmidt',1973520,'vel',8);
INSERT INTO PERSONAL (NOMBRES,APELLIDOS,REMUNERACION,HASHED_PASS,PORCENT_DESCUENTO) VALUES ('Charlotte','Tillman',1850325,'eget,',76);
INSERT INTO PERSONAL (NOMBRES,APELLIDOS,REMUNERACION,HASHED_PASS,PORCENT_DESCUENTO) VALUES ('Irma','Durham',1217361,'nonummy',97);
INSERT INTO PERSONAL (NOMBRES,APELLIDOS,REMUNERACION,HASHED_PASS,PORCENT_DESCUENTO) VALUES ('Cadman','Wade',890553,'sit',36);
INSERT INTO PERSONAL (NOMBRES,APELLIDOS,REMUNERACION,HASHED_PASS,PORCENT_DESCUENTO) VALUES ('Raven','Snider',536054,'a',51);
INSERT INTO PERSONAL (NOMBRES,APELLIDOS,REMUNERACION,HASHED_PASS,PORCENT_DESCUENTO) VALUES ('Chloe','Bass',7168729,'id,',8);
INSERT INTO PERSONAL (NOMBRES,APELLIDOS,REMUNERACION,HASHED_PASS,PORCENT_DESCUENTO) VALUES ('Arden','Hoffman',6868726,'fermentum',94);
INSERT INTO PERSONAL (NOMBRES,APELLIDOS,REMUNERACION,HASHED_PASS,PORCENT_DESCUENTO) VALUES ('Hillary','Sherman',3579680,'Morbi',89);
INSERT INTO PERSONAL (NOMBRES,APELLIDOS,REMUNERACION,HASHED_PASS,PORCENT_DESCUENTO) VALUES ('Jillian','Herring',6019677,'Aenean',73);
INSERT INTO PERSONAL (NOMBRES,APELLIDOS,REMUNERACION,HASHED_PASS,PORCENT_DESCUENTO) VALUES ('Alisa','Mcgowan',7802120,'a,',30);
INSERT INTO PERSONAL (NOMBRES,APELLIDOS,REMUNERACION,HASHED_PASS,PORCENT_DESCUENTO) VALUES ('Felix','Pearson',6664800,'fermentum',60);
INSERT INTO PERSONAL (NOMBRES,APELLIDOS,REMUNERACION,HASHED_PASS,PORCENT_DESCUENTO) VALUES ('Ainsley','Hopper',4061882,'vel',87);
INSERT INTO PERSONAL (NOMBRES,APELLIDOS,REMUNERACION,HASHED_PASS,PORCENT_DESCUENTO) VALUES ('Fatima','Morin',2958212,'ligula.',86);
INSERT INTO PERSONAL (NOMBRES,APELLIDOS,REMUNERACION,HASHED_PASS,PORCENT_DESCUENTO) VALUES ('Latifah','Sears',3391746,'Sed',9);
INSERT INTO PERSONAL (NOMBRES,APELLIDOS,REMUNERACION,HASHED_PASS,PORCENT_DESCUENTO) VALUES ('Kylynn','Fuller',8565337,'dis',14);

INSERT INTO FUNCIONARIO (ID_CARGO_FUNCI,ID_PERSONAL) VALUES (1,1);
INSERT INTO FUNCIONARIO (ID_CARGO_FUNCI,ID_PERSONAL) VALUES (2,2);
INSERT INTO FUNCIONARIO (ID_CARGO_FUNCI,ID_PERSONAL) VALUES (3,3);
INSERT INTO FUNCIONARIO (ID_CARGO_FUNCI,ID_PERSONAL) VALUES (4,4);
INSERT INTO FUNCIONARIO (ID_CARGO_FUNCI,ID_PERSONAL) VALUES (5,5);
INSERT INTO FUNCIONARIO (ID_CARGO_FUNCI,ID_PERSONAL) VALUES (6,6);
INSERT INTO FUNCIONARIO (ID_CARGO_FUNCI,ID_PERSONAL) VALUES (7,7);
INSERT INTO FUNCIONARIO (ID_CARGO_FUNCI,ID_PERSONAL) VALUES (8,8);
INSERT INTO FUNCIONARIO (ID_CARGO_FUNCI,ID_PERSONAL) VALUES (9,9);
INSERT INTO FUNCIONARIO (ID_CARGO_FUNCI,ID_PERSONAL) VALUES (10,10);
INSERT INTO FUNCIONARIO (ID_CARGO_FUNCI,ID_PERSONAL) VALUES (11,11);
INSERT INTO FUNCIONARIO (ID_CARGO_FUNCI,ID_PERSONAL) VALUES (12,12);
INSERT INTO FUNCIONARIO (ID_CARGO_FUNCI,ID_PERSONAL) VALUES (13,13);
INSERT INTO FUNCIONARIO (ID_CARGO_FUNCI,ID_PERSONAL) VALUES (14,14);
INSERT INTO FUNCIONARIO (ID_CARGO_FUNCI,ID_PERSONAL) VALUES (15,15);
INSERT INTO FUNCIONARIO (ID_CARGO_FUNCI,ID_PERSONAL) VALUES (16,16);
INSERT INTO FUNCIONARIO (ID_CARGO_FUNCI,ID_PERSONAL) VALUES (17,17);
INSERT INTO FUNCIONARIO (ID_CARGO_FUNCI,ID_PERSONAL) VALUES (18,18);
INSERT INTO FUNCIONARIO (ID_CARGO_FUNCI,ID_PERSONAL) VALUES (19,19);
INSERT INTO FUNCIONARIO (ID_CARGO_FUNCI,ID_PERSONAL) VALUES (20,20);

INSERT INTO CAJA (FEC_HORA_CIERRE,FEC_HORA_APERTURA,ID_FUNCIONARIO) VALUES (TO_DATE('02/21/2016','MM/DD/YYYY'),TO_DATE('07/06/2017','MM/DD/YYYY'),1);
INSERT INTO CAJA (FEC_HORA_CIERRE,FEC_HORA_APERTURA,ID_FUNCIONARIO) VALUES (TO_DATE('02/16/2016','MM/DD/YYYY'),TO_DATE('01/02/2017','MM/DD/YYYY'),2);
INSERT INTO CAJA (FEC_HORA_CIERRE,FEC_HORA_APERTURA,ID_FUNCIONARIO) VALUES (TO_DATE('03/06/2016','MM/DD/YYYY'),TO_DATE('02/29/2016','MM/DD/YYYY'),3);
INSERT INTO CAJA (FEC_HORA_CIERRE,FEC_HORA_APERTURA,ID_FUNCIONARIO) VALUES (TO_DATE('12/12/2016','MM/DD/YYYY'),TO_DATE('01/27/2016','MM/DD/YYYY'),4);
INSERT INTO CAJA (FEC_HORA_CIERRE,FEC_HORA_APERTURA,ID_FUNCIONARIO) VALUES (TO_DATE('03/31/2016','MM/DD/YYYY'),TO_DATE('03/02/2017','MM/DD/YYYY'),5);
INSERT INTO CAJA (FEC_HORA_CIERRE,FEC_HORA_APERTURA,ID_FUNCIONARIO) VALUES (TO_DATE('12/28/2015','MM/DD/YYYY'),TO_DATE('09/26/2017','MM/DD/YYYY'),6);
INSERT INTO CAJA (FEC_HORA_CIERRE,FEC_HORA_APERTURA,ID_FUNCIONARIO) VALUES (TO_DATE('07/06/2016','MM/DD/YYYY'),TO_DATE('07/03/2016','MM/DD/YYYY'),7);
INSERT INTO CAJA (FEC_HORA_CIERRE,FEC_HORA_APERTURA,ID_FUNCIONARIO) VALUES (TO_DATE('10/16/2015','MM/DD/YYYY'),TO_DATE('05/31/2017','MM/DD/YYYY'),8);
INSERT INTO CAJA (FEC_HORA_CIERRE,FEC_HORA_APERTURA,ID_FUNCIONARIO) VALUES (TO_DATE('03/11/2017','MM/DD/YYYY'),TO_DATE('03/20/2017','MM/DD/YYYY'),9);
INSERT INTO CAJA (FEC_HORA_CIERRE,FEC_HORA_APERTURA,ID_FUNCIONARIO) VALUES (TO_DATE('07/23/2017','MM/DD/YYYY'),TO_DATE('02/12/2017','MM/DD/YYYY'),10);
INSERT INTO CAJA (FEC_HORA_CIERRE,FEC_HORA_APERTURA,ID_FUNCIONARIO) VALUES (TO_DATE('09/03/2016','MM/DD/YYYY'),TO_DATE('07/22/2016','MM/DD/YYYY'),11);
INSERT INTO CAJA (FEC_HORA_CIERRE,FEC_HORA_APERTURA,ID_FUNCIONARIO) VALUES (TO_DATE('11/01/2015','MM/DD/YYYY'),TO_DATE('05/15/2016','MM/DD/YYYY'),12);
INSERT INTO CAJA (FEC_HORA_CIERRE,FEC_HORA_APERTURA,ID_FUNCIONARIO) VALUES (TO_DATE('09/28/2017','MM/DD/YYYY'),TO_DATE('11/15/2016','MM/DD/YYYY'),13);
INSERT INTO CAJA (FEC_HORA_CIERRE,FEC_HORA_APERTURA,ID_FUNCIONARIO) VALUES (TO_DATE('11/15/2016','MM/DD/YYYY'),TO_DATE('12/19/2015','MM/DD/YYYY'),14);
INSERT INTO CAJA (FEC_HORA_CIERRE,FEC_HORA_APERTURA,ID_FUNCIONARIO) VALUES (TO_DATE('12/17/2015','MM/DD/YYYY'),TO_DATE('12/24/2015','MM/DD/YYYY'),15);
INSERT INTO CAJA (FEC_HORA_CIERRE,FEC_HORA_APERTURA,ID_FUNCIONARIO) VALUES (TO_DATE('03/02/2017','MM/DD/YYYY'),TO_DATE('06/22/2016','MM/DD/YYYY'),16);
INSERT INTO CAJA (FEC_HORA_CIERRE,FEC_HORA_APERTURA,ID_FUNCIONARIO) VALUES (TO_DATE('07/15/2017','MM/DD/YYYY'),TO_DATE('02/02/2016','MM/DD/YYYY'),17);
INSERT INTO CAJA (FEC_HORA_CIERRE,FEC_HORA_APERTURA,ID_FUNCIONARIO) VALUES (TO_DATE('07/02/2017','MM/DD/YYYY'),TO_DATE('08/28/2017','MM/DD/YYYY'),18);
INSERT INTO CAJA (FEC_HORA_CIERRE,FEC_HORA_APERTURA,ID_FUNCIONARIO) VALUES (TO_DATE('05/14/2016','MM/DD/YYYY'),TO_DATE('06/30/2017','MM/DD/YYYY'),19);
INSERT INTO CAJA (FEC_HORA_CIERRE,FEC_HORA_APERTURA,ID_FUNCIONARIO) VALUES (TO_DATE('05/20/2016','MM/DD/YYYY'),TO_DATE('04/22/2017','MM/DD/YYYY'),20);

INSERT INTO PAGO (HORA_PAGO,ID_BONO,ID_CAJA,ID_DEVOLUCION,MONTO_PAGO) VALUES (TO_DATE('02/01/2017','MM/DD/YYYY'),1,1,1,98765);
INSERT INTO PAGO (HORA_PAGO,ID_BONO,ID_CAJA,ID_DEVOLUCION,MONTO_PAGO) VALUES (TO_DATE('08/27/2016','MM/DD/YYYY'),2,2,2,87653);
INSERT INTO PAGO (HORA_PAGO,ID_BONO,ID_CAJA,ID_DEVOLUCION,MONTO_PAGO) VALUES (TO_DATE('02/01/2017','MM/DD/YYYY'),3,3,3,78654);
INSERT INTO PAGO (HORA_PAGO,ID_BONO,ID_CAJA,ID_DEVOLUCION,MONTO_PAGO) VALUES (TO_DATE('04/17/2016','MM/DD/YYYY'),4,4,4,98763);
INSERT INTO PAGO (HORA_PAGO,ID_BONO,ID_CAJA,ID_DEVOLUCION,MONTO_PAGO) VALUES (TO_DATE('06/26/2017','MM/DD/YYYY'),5,5,5,76523);
INSERT INTO PAGO (HORA_PAGO,ID_BONO,ID_CAJA,ID_DEVOLUCION,MONTO_PAGO) VALUES (TO_DATE('06/08/2016','MM/DD/YYYY'),6,6,6,67542);
INSERT INTO PAGO (HORA_PAGO,ID_BONO,ID_CAJA,ID_DEVOLUCION,MONTO_PAGO) VALUES (TO_DATE('08/09/2017','MM/DD/YYYY'),7,7,7,87643);
INSERT INTO PAGO (HORA_PAGO,ID_BONO,ID_CAJA,ID_DEVOLUCION,MONTO_PAGO) VALUES (TO_DATE('08/23/2017','MM/DD/YYYY'),8,8,8,95432);
INSERT INTO PAGO (HORA_PAGO,ID_BONO,ID_CAJA,ID_DEVOLUCION,MONTO_PAGO) VALUES (TO_DATE('09/01/2017','MM/DD/YYYY'),9,9,9,13546);
INSERT INTO PAGO (HORA_PAGO,ID_BONO,ID_CAJA,ID_DEVOLUCION,MONTO_PAGO) VALUES (TO_DATE('08/11/2016','MM/DD/YYYY'),10,10,10,23980);
INSERT INTO PAGO (HORA_PAGO,ID_BONO,ID_CAJA,ID_DEVOLUCION,MONTO_PAGO) VALUES (TO_DATE('07/16/2016','MM/DD/YYYY'),11,11,11,34678);
INSERT INTO PAGO (HORA_PAGO,ID_BONO,ID_CAJA,ID_DEVOLUCION,MONTO_PAGO) VALUES (TO_DATE('07/03/2017','MM/DD/YYYY'),12,12,12,24567);
INSERT INTO PAGO (HORA_PAGO,ID_BONO,ID_CAJA,ID_DEVOLUCION,MONTO_PAGO) VALUES (TO_DATE('12/10/2016','MM/DD/YYYY'),13,13,13,9674);
INSERT INTO PAGO (HORA_PAGO,ID_BONO,ID_CAJA,ID_DEVOLUCION,MONTO_PAGO) VALUES (TO_DATE('06/15/2017','MM/DD/YYYY'),14,14,14,12356);
INSERT INTO PAGO (HORA_PAGO,ID_BONO,ID_CAJA,ID_DEVOLUCION,MONTO_PAGO) VALUES (TO_DATE('11/14/2016','MM/DD/YYYY'),15,15,15,45798);
INSERT INTO PAGO (HORA_PAGO,ID_BONO,ID_CAJA,ID_DEVOLUCION,MONTO_PAGO) VALUES (TO_DATE('04/20/2016','MM/DD/YYYY'),16,16,16,21345);
INSERT INTO PAGO (HORA_PAGO,ID_BONO,ID_CAJA,ID_DEVOLUCION,MONTO_PAGO) VALUES (TO_DATE('03/25/2017','MM/DD/YYYY'),17,17,17,98765);
INSERT INTO PAGO (HORA_PAGO,ID_BONO,ID_CAJA,ID_DEVOLUCION,MONTO_PAGO) VALUES (TO_DATE('05/14/2016','MM/DD/YYYY'),18,18,18,6879);
INSERT INTO PAGO (HORA_PAGO,ID_BONO,ID_CAJA,ID_DEVOLUCION,MONTO_PAGO) VALUES (TO_DATE('10/28/2016','MM/DD/YYYY'),19,19,19,23467);
INSERT INTO PAGO (HORA_PAGO,ID_BONO,ID_CAJA,ID_DEVOLUCION,MONTO_PAGO) VALUES (TO_DATE('12/19/2016','MM/DD/YYYY'),20,20,20,87654);

INSERT INTO PRESTACION (NOM_PRESTACION,PRECIO_PRESTACION,CODIGO_PRESTACION,ID_ESPECIALIDAD,ID_TIPO_PRESTACION) VALUES ('Dean',63567,'Nulla',1,1);
INSERT INTO PRESTACION (NOM_PRESTACION,PRECIO_PRESTACION,CODIGO_PRESTACION,ID_ESPECIALIDAD,ID_TIPO_PRESTACION) VALUES ('Kristen',7149,'feugiat.',2,2);
INSERT INTO PRESTACION (NOM_PRESTACION,PRECIO_PRESTACION,CODIGO_PRESTACION,ID_ESPECIALIDAD,ID_TIPO_PRESTACION) VALUES ('Reuben',94292,'massa',3,3);
INSERT INTO PRESTACION (NOM_PRESTACION,PRECIO_PRESTACION,CODIGO_PRESTACION,ID_ESPECIALIDAD,ID_TIPO_PRESTACION) VALUES ('Chava',21502,'elit,',4,4);
INSERT INTO PRESTACION (NOM_PRESTACION,PRECIO_PRESTACION,CODIGO_PRESTACION,ID_ESPECIALIDAD,ID_TIPO_PRESTACION) VALUES ('Gail',82013,'eleifend',5,5);
INSERT INTO PRESTACION (NOM_PRESTACION,PRECIO_PRESTACION,CODIGO_PRESTACION,ID_ESPECIALIDAD,ID_TIPO_PRESTACION) VALUES ('Ebony',92113,'a',6,6);
INSERT INTO PRESTACION (NOM_PRESTACION,PRECIO_PRESTACION,CODIGO_PRESTACION,ID_ESPECIALIDAD,ID_TIPO_PRESTACION) VALUES ('Armando',38712,'semper',7,7);
INSERT INTO PRESTACION (NOM_PRESTACION,PRECIO_PRESTACION,CODIGO_PRESTACION,ID_ESPECIALIDAD,ID_TIPO_PRESTACION) VALUES ('Lacey',82124,'ornare.',8,8);
INSERT INTO PRESTACION (NOM_PRESTACION,PRECIO_PRESTACION,CODIGO_PRESTACION,ID_ESPECIALIDAD,ID_TIPO_PRESTACION) VALUES ('Barbara',81342,'Cras',9,9);
INSERT INTO PRESTACION (NOM_PRESTACION,PRECIO_PRESTACION,CODIGO_PRESTACION,ID_ESPECIALIDAD,ID_TIPO_PRESTACION) VALUES ('Avram',95542,'arcu.',10,10);
INSERT INTO PRESTACION (NOM_PRESTACION,PRECIO_PRESTACION,CODIGO_PRESTACION,ID_ESPECIALIDAD,ID_TIPO_PRESTACION) VALUES ('Ralph',36953,'mauris',11,11);
INSERT INTO PRESTACION (NOM_PRESTACION,PRECIO_PRESTACION,CODIGO_PRESTACION,ID_ESPECIALIDAD,ID_TIPO_PRESTACION) VALUES ('Yvonne',14126,'massa',12,12);
INSERT INTO PRESTACION (NOM_PRESTACION,PRECIO_PRESTACION,CODIGO_PRESTACION,ID_ESPECIALIDAD,ID_TIPO_PRESTACION) VALUES ('Gareth',16535,'Nunc',13,13);
INSERT INTO PRESTACION (NOM_PRESTACION,PRECIO_PRESTACION,CODIGO_PRESTACION,ID_ESPECIALIDAD,ID_TIPO_PRESTACION) VALUES ('Sylvia',49478,'dolor',14,14);
INSERT INTO PRESTACION (NOM_PRESTACION,PRECIO_PRESTACION,CODIGO_PRESTACION,ID_ESPECIALIDAD,ID_TIPO_PRESTACION) VALUES ('Illiana',43315,'mauris',15,15);
INSERT INTO PRESTACION (NOM_PRESTACION,PRECIO_PRESTACION,CODIGO_PRESTACION,ID_ESPECIALIDAD,ID_TIPO_PRESTACION) VALUES ('Blythe',34396,'Donec',16,16);
INSERT INTO PRESTACION (NOM_PRESTACION,PRECIO_PRESTACION,CODIGO_PRESTACION,ID_ESPECIALIDAD,ID_TIPO_PRESTACION) VALUES ('Elton',165390,'ut',17,17);
INSERT INTO PRESTACION (NOM_PRESTACION,PRECIO_PRESTACION,CODIGO_PRESTACION,ID_ESPECIALIDAD,ID_TIPO_PRESTACION) VALUES ('Kermit',92646,'lectus',18,18);
INSERT INTO PRESTACION (NOM_PRESTACION,PRECIO_PRESTACION,CODIGO_PRESTACION,ID_ESPECIALIDAD,ID_TIPO_PRESTACION) VALUES ('Jolene',91934,'Proin',19,19);
INSERT INTO PRESTACION (NOM_PRESTACION,PRECIO_PRESTACION,CODIGO_PRESTACION,ID_ESPECIALIDAD,ID_TIPO_PRESTACION) VALUES ('Arden',67617,'a,',20,20);

INSERT INTO EQUIPO_REQ (CANTIDAD,ID_TIPO_EQUIPO,ID_PRESTACION) VALUES (597,1,1);
INSERT INTO EQUIPO_REQ (CANTIDAD,ID_TIPO_EQUIPO,ID_PRESTACION) VALUES (97,2,2);
INSERT INTO EQUIPO_REQ (CANTIDAD,ID_TIPO_EQUIPO,ID_PRESTACION) VALUES (562,3,3);
INSERT INTO EQUIPO_REQ (CANTIDAD,ID_TIPO_EQUIPO,ID_PRESTACION) VALUES (412,4,4);
INSERT INTO EQUIPO_REQ (CANTIDAD,ID_TIPO_EQUIPO,ID_PRESTACION) VALUES (830,5,5);
INSERT INTO EQUIPO_REQ (CANTIDAD,ID_TIPO_EQUIPO,ID_PRESTACION) VALUES (717,6,6);
INSERT INTO EQUIPO_REQ (CANTIDAD,ID_TIPO_EQUIPO,ID_PRESTACION) VALUES (335,7,7);
INSERT INTO EQUIPO_REQ (CANTIDAD,ID_TIPO_EQUIPO,ID_PRESTACION) VALUES (455,8,8);
INSERT INTO EQUIPO_REQ (CANTIDAD,ID_TIPO_EQUIPO,ID_PRESTACION) VALUES (618,9,9);
INSERT INTO EQUIPO_REQ (CANTIDAD,ID_TIPO_EQUIPO,ID_PRESTACION) VALUES (299,10,10);
INSERT INTO EQUIPO_REQ (CANTIDAD,ID_TIPO_EQUIPO,ID_PRESTACION) VALUES (447,11,11);
INSERT INTO EQUIPO_REQ (CANTIDAD,ID_TIPO_EQUIPO,ID_PRESTACION) VALUES (816,12,12);
INSERT INTO EQUIPO_REQ (CANTIDAD,ID_TIPO_EQUIPO,ID_PRESTACION) VALUES (496,13,13);
INSERT INTO EQUIPO_REQ (CANTIDAD,ID_TIPO_EQUIPO,ID_PRESTACION) VALUES (584,14,14);
INSERT INTO EQUIPO_REQ (CANTIDAD,ID_TIPO_EQUIPO,ID_PRESTACION) VALUES (952,15,15);
INSERT INTO EQUIPO_REQ (CANTIDAD,ID_TIPO_EQUIPO,ID_PRESTACION) VALUES (833,16,16);
INSERT INTO EQUIPO_REQ (CANTIDAD,ID_TIPO_EQUIPO,ID_PRESTACION) VALUES (948,17,17);
INSERT INTO EQUIPO_REQ (CANTIDAD,ID_TIPO_EQUIPO,ID_PRESTACION) VALUES (394,18,18);
INSERT INTO EQUIPO_REQ (CANTIDAD,ID_TIPO_EQUIPO,ID_PRESTACION) VALUES (18,19,19);
INSERT INTO EQUIPO_REQ (CANTIDAD,ID_TIPO_EQUIPO,ID_PRESTACION) VALUES (191,20,20);

INSERT INTO INVENTARIO (CANT_BODEGA,ID_TIPO_EQUIPO) VALUES (64,1);
INSERT INTO INVENTARIO (CANT_BODEGA,ID_TIPO_EQUIPO) VALUES (8,2);
INSERT INTO INVENTARIO (CANT_BODEGA,ID_TIPO_EQUIPO) VALUES (77,3);
INSERT INTO INVENTARIO (CANT_BODEGA,ID_TIPO_EQUIPO) VALUES (20,4);
INSERT INTO INVENTARIO (CANT_BODEGA,ID_TIPO_EQUIPO) VALUES (71,5);
INSERT INTO INVENTARIO (CANT_BODEGA,ID_TIPO_EQUIPO) VALUES (57,6);
INSERT INTO INVENTARIO (CANT_BODEGA,ID_TIPO_EQUIPO) VALUES (86,7);
INSERT INTO INVENTARIO (CANT_BODEGA,ID_TIPO_EQUIPO) VALUES (12,8);
INSERT INTO INVENTARIO (CANT_BODEGA,ID_TIPO_EQUIPO) VALUES (72,9);
INSERT INTO INVENTARIO (CANT_BODEGA,ID_TIPO_EQUIPO) VALUES (45,10);
INSERT INTO INVENTARIO (CANT_BODEGA,ID_TIPO_EQUIPO) VALUES (100,11);
INSERT INTO INVENTARIO (CANT_BODEGA,ID_TIPO_EQUIPO) VALUES (98,12);
INSERT INTO INVENTARIO (CANT_BODEGA,ID_TIPO_EQUIPO) VALUES (2,13);
INSERT INTO INVENTARIO (CANT_BODEGA,ID_TIPO_EQUIPO) VALUES (66,14);
INSERT INTO INVENTARIO (CANT_BODEGA,ID_TIPO_EQUIPO) VALUES (63,15);
INSERT INTO INVENTARIO (CANT_BODEGA,ID_TIPO_EQUIPO) VALUES (54,16);
INSERT INTO INVENTARIO (CANT_BODEGA,ID_TIPO_EQUIPO) VALUES (20,17);
INSERT INTO INVENTARIO (CANT_BODEGA,ID_TIPO_EQUIPO) VALUES (13,18);
INSERT INTO INVENTARIO (CANT_BODEGA,ID_TIPO_EQUIPO) VALUES (19,19);
INSERT INTO INVENTARIO (CANT_BODEGA,ID_TIPO_EQUIPO) VALUES (20,20);

INSERT INTO TURNO (ID_TURNO,HORA_INI,HORA_FIN,NOMBRE_TURNO) VALUES (1,'11/09/2016','12/02/2016','Phasellus');
INSERT INTO TURNO (ID_TURNO,HORA_INI,HORA_FIN,NOMBRE_TURNO) VALUES (2,'08/18/2017','08/05/2016','nec');
INSERT INTO TURNO (ID_TURNO,HORA_INI,HORA_FIN,NOMBRE_TURNO) VALUES (3,'07/02/2016','10/15/2015','bibendum.');
INSERT INTO TURNO (ID_TURNO,HORA_INI,HORA_FIN,NOMBRE_TURNO) VALUES (4,'03/05/2017','01/19/2017','enim.');
INSERT INTO TURNO (ID_TURNO,HORA_INI,HORA_FIN,NOMBRE_TURNO) VALUES (5,'12/04/2015','02/11/2017','at');
INSERT INTO TURNO (ID_TURNO,HORA_INI,HORA_FIN,NOMBRE_TURNO) VALUES (6,'08/05/2017','04/28/2016','Nunc');
INSERT INTO TURNO (ID_TURNO,HORA_INI,HORA_FIN,NOMBRE_TURNO) VALUES (7,'01/01/2017','07/29/2016','sed');
INSERT INTO TURNO (ID_TURNO,HORA_INI,HORA_FIN,NOMBRE_TURNO) VALUES (8,'03/31/2016','06/22/2017','lacus.');
INSERT INTO TURNO (ID_TURNO,HORA_INI,HORA_FIN,NOMBRE_TURNO) VALUES (9,'02/25/2016','12/07/2016','ornare.');
INSERT INTO TURNO (ID_TURNO,HORA_INI,HORA_FIN,NOMBRE_TURNO) VALUES (10,'08/27/2016','07/13/2016','pharetra.');
INSERT INTO TURNO (ID_TURNO,HORA_INI,HORA_FIN,NOMBRE_TURNO) VALUES (11,'03/16/2016','09/09/2017','lobortis');
INSERT INTO TURNO (ID_TURNO,HORA_INI,HORA_FIN,NOMBRE_TURNO) VALUES (12,'11/08/2016','06/25/2016','porttitor');
INSERT INTO TURNO (ID_TURNO,HORA_INI,HORA_FIN,NOMBRE_TURNO) VALUES (13,'02/22/2016','08/14/2017','semper');
INSERT INTO TURNO (ID_TURNO,HORA_INI,HORA_FIN,NOMBRE_TURNO) VALUES (14,'01/05/2017','11/09/2015','Pellentesque');
INSERT INTO TURNO (ID_TURNO,HORA_INI,HORA_FIN,NOMBRE_TURNO) VALUES (15,'04/10/2016','10/27/2015','sem');
INSERT INTO TURNO (ID_TURNO,HORA_INI,HORA_FIN,NOMBRE_TURNO) VALUES (16,'08/01/2017','05/28/2017','est,');
INSERT INTO TURNO (ID_TURNO,HORA_INI,HORA_FIN,NOMBRE_TURNO) VALUES (17,'04/27/2016','06/28/2017','commodo');
INSERT INTO TURNO (ID_TURNO,HORA_INI,HORA_FIN,NOMBRE_TURNO) VALUES (18,'07/05/2017','11/27/2016','at');
INSERT INTO TURNO (ID_TURNO,HORA_INI,HORA_FIN,NOMBRE_TURNO) VALUES (19,'11/20/2015','12/22/2015','parturient');
INSERT INTO TURNO (ID_TURNO,HORA_INI,HORA_FIN,NOMBRE_TURNO) VALUES (20,'01/30/2017','08/28/2017','vitae');

INSERT INTO PERS_MEDICO (ID_PERSONAL_MEDICO,ID_PERSONAL,ID_TURNO) VALUES (1,1,1);
INSERT INTO PERS_MEDICO (ID_PERSONAL_MEDICO,ID_PERSONAL,ID_TURNO) VALUES (2,2,2);
INSERT INTO PERS_MEDICO (ID_PERSONAL_MEDICO,ID_PERSONAL,ID_TURNO) VALUES (3,3,3);
INSERT INTO PERS_MEDICO (ID_PERSONAL_MEDICO,ID_PERSONAL,ID_TURNO) VALUES (4,4,4);
INSERT INTO PERS_MEDICO (ID_PERSONAL_MEDICO,ID_PERSONAL,ID_TURNO) VALUES (5,5,5);
INSERT INTO PERS_MEDICO (ID_PERSONAL_MEDICO,ID_PERSONAL,ID_TURNO) VALUES (6,6,6);
INSERT INTO PERS_MEDICO (ID_PERSONAL_MEDICO,ID_PERSONAL,ID_TURNO) VALUES (7,7,7);
INSERT INTO PERS_MEDICO (ID_PERSONAL_MEDICO,ID_PERSONAL,ID_TURNO) VALUES (8,8,8);
INSERT INTO PERS_MEDICO (ID_PERSONAL_MEDICO,ID_PERSONAL,ID_TURNO) VALUES (9,9,9);
INSERT INTO PERS_MEDICO (ID_PERSONAL_MEDICO,ID_PERSONAL,ID_TURNO) VALUES (10,10,10);
INSERT INTO PERS_MEDICO (ID_PERSONAL_MEDICO,ID_PERSONAL,ID_TURNO) VALUES (11,11,11);
INSERT INTO PERS_MEDICO (ID_PERSONAL_MEDICO,ID_PERSONAL,ID_TURNO) VALUES (12,12,12);
INSERT INTO PERS_MEDICO (ID_PERSONAL_MEDICO,ID_PERSONAL,ID_TURNO) VALUES (13,13,13);
INSERT INTO PERS_MEDICO (ID_PERSONAL_MEDICO,ID_PERSONAL,ID_TURNO) VALUES (14,14,14);
INSERT INTO PERS_MEDICO (ID_PERSONAL_MEDICO,ID_PERSONAL,ID_TURNO) VALUES (15,15,15);
INSERT INTO PERS_MEDICO (ID_PERSONAL_MEDICO,ID_PERSONAL,ID_TURNO) VALUES (16,16,16);
INSERT INTO PERS_MEDICO (ID_PERSONAL_MEDICO,ID_PERSONAL,ID_TURNO) VALUES (17,17,17);
INSERT INTO PERS_MEDICO (ID_PERSONAL_MEDICO,ID_PERSONAL,ID_TURNO) VALUES (18,18,18);
INSERT INTO PERS_MEDICO (ID_PERSONAL_MEDICO,ID_PERSONAL,ID_TURNO) VALUES (19,19,19);
INSERT INTO PERS_MEDICO (ID_PERSONAL_MEDICO,ID_PERSONAL,ID_TURNO) VALUES (20,20,20);

INSERT INTO ESP_PER_MEDICO (ID_ESP_PERS_MED,ID_ESPECIALIDAD,ID_PERSONAL_MEDICO) VALUES (1,1,1);
INSERT INTO ESP_PER_MEDICO (ID_ESP_PERS_MED,ID_ESPECIALIDAD,ID_PERSONAL_MEDICO) VALUES (2,2,2);
INSERT INTO ESP_PER_MEDICO (ID_ESP_PERS_MED,ID_ESPECIALIDAD,ID_PERSONAL_MEDICO) VALUES (3,3,3);
INSERT INTO ESP_PER_MEDICO (ID_ESP_PERS_MED,ID_ESPECIALIDAD,ID_PERSONAL_MEDICO) VALUES (4,4,4);
INSERT INTO ESP_PER_MEDICO (ID_ESP_PERS_MED,ID_ESPECIALIDAD,ID_PERSONAL_MEDICO) VALUES (5,5,5);
INSERT INTO ESP_PER_MEDICO (ID_ESP_PERS_MED,ID_ESPECIALIDAD,ID_PERSONAL_MEDICO) VALUES (6,6,6);
INSERT INTO ESP_PER_MEDICO (ID_ESP_PERS_MED,ID_ESPECIALIDAD,ID_PERSONAL_MEDICO) VALUES (7,7,7);
INSERT INTO ESP_PER_MEDICO (ID_ESP_PERS_MED,ID_ESPECIALIDAD,ID_PERSONAL_MEDICO) VALUES (8,8,8);
INSERT INTO ESP_PER_MEDICO (ID_ESP_PERS_MED,ID_ESPECIALIDAD,ID_PERSONAL_MEDICO) VALUES (9,9,9);
INSERT INTO ESP_PER_MEDICO (ID_ESP_PERS_MED,ID_ESPECIALIDAD,ID_PERSONAL_MEDICO) VALUES (10,10,10);
INSERT INTO ESP_PER_MEDICO (ID_ESP_PERS_MED,ID_ESPECIALIDAD,ID_PERSONAL_MEDICO) VALUES (11,11,11);
INSERT INTO ESP_PER_MEDICO (ID_ESP_PERS_MED,ID_ESPECIALIDAD,ID_PERSONAL_MEDICO) VALUES (12,12,12);
INSERT INTO ESP_PER_MEDICO (ID_ESP_PERS_MED,ID_ESPECIALIDAD,ID_PERSONAL_MEDICO) VALUES (13,13,13);
INSERT INTO ESP_PER_MEDICO (ID_ESP_PERS_MED,ID_ESPECIALIDAD,ID_PERSONAL_MEDICO) VALUES (14,14,14);
INSERT INTO ESP_PER_MEDICO (ID_ESP_PERS_MED,ID_ESPECIALIDAD,ID_PERSONAL_MEDICO) VALUES (15,15,15);
INSERT INTO ESP_PER_MEDICO (ID_ESP_PERS_MED,ID_ESPECIALIDAD,ID_PERSONAL_MEDICO) VALUES (16,16,16);
INSERT INTO ESP_PER_MEDICO (ID_ESP_PERS_MED,ID_ESPECIALIDAD,ID_PERSONAL_MEDICO) VALUES (17,17,17);
INSERT INTO ESP_PER_MEDICO (ID_ESP_PERS_MED,ID_ESPECIALIDAD,ID_PERSONAL_MEDICO) VALUES (18,18,18);
INSERT INTO ESP_PER_MEDICO (ID_ESP_PERS_MED,ID_ESPECIALIDAD,ID_PERSONAL_MEDICO) VALUES (19,19,19);
INSERT INTO ESP_PER_MEDICO (ID_ESP_PERS_MED,ID_ESPECIALIDAD,ID_PERSONAL_MEDICO) VALUES (20,20,20);

INSERT INTO ATENCION_AGEN (ID_ATENCION_AGENDADA,FECHA,HORA,OBSERVACIONES,ID_PACIENTE,ID_PERSONAL_MEDICO,ID_PAGO,ID_PRESTACION,ID_ESTADO_ATENCION) VALUES (1,'01/08/2017','PDT','Lorem ipsum dolor sit amet, consectetuer adipiscing elit. Curabitur sed tortor. Integer aliquam',1,1,1,1,1);
INSERT INTO ATENCION_AGEN (ID_ATENCION_AGENDADA,FECHA,HORA,OBSERVACIONES,ID_PACIENTE,ID_PERSONAL_MEDICO,ID_PAGO,ID_PRESTACION,ID_ESTADO_ATENCION) VALUES (2,'08/29/2016','PDT','Lorem ipsum dolor sit amet, consectetuer',2,2,2,2,2);
INSERT INTO ATENCION_AGEN (ID_ATENCION_AGENDADA,FECHA,HORA,OBSERVACIONES,ID_PACIENTE,ID_PERSONAL_MEDICO,ID_PAGO,ID_PRESTACION,ID_ESTADO_ATENCION) VALUES (3,'11/12/2015','PDT','Lorem ipsum dolor sit amet, consectetuer adipiscing elit. Curabitur sed tortor. Integer aliquam adipiscing lacus. Ut nec',3,3,3,3,3);
INSERT INTO ATENCION_AGEN (ID_ATENCION_AGENDADA,FECHA,HORA,OBSERVACIONES,ID_PACIENTE,ID_PERSONAL_MEDICO,ID_PAGO,ID_PRESTACION,ID_ESTADO_ATENCION) VALUES (4,'04/14/2016','PDT','Lorem ipsum dolor sit amet, consectetuer adipiscing elit. Curabitur',4,4,4,4,4);
INSERT INTO ATENCION_AGEN (ID_ATENCION_AGENDADA,FECHA,HORA,OBSERVACIONES,ID_PACIENTE,ID_PERSONAL_MEDICO,ID_PAGO,ID_PRESTACION,ID_ESTADO_ATENCION) VALUES (5,'11/17/2016','PDT','Lorem ipsum dolor sit amet, consectetuer adipiscing elit. Curabitur',5,5,5,5,5);
INSERT INTO ATENCION_AGEN (ID_ATENCION_AGENDADA,FECHA,HORA,OBSERVACIONES,ID_PACIENTE,ID_PERSONAL_MEDICO,ID_PAGO,ID_PRESTACION,ID_ESTADO_ATENCION) VALUES (6,'11/03/2015','PDT','Lorem ipsum dolor sit amet, consectetuer adipiscing elit. Curabitur sed tortor. Integer aliquam adipiscing lacus. Ut nec',6,6,6,6,6);
INSERT INTO ATENCION_AGEN (ID_ATENCION_AGENDADA,FECHA,HORA,OBSERVACIONES,ID_PACIENTE,ID_PERSONAL_MEDICO,ID_PAGO,ID_PRESTACION,ID_ESTADO_ATENCION) VALUES (7,'05/30/2017','PDT','Lorem ipsum dolor sit amet, consectetuer adipiscing elit.',7,7,7,7,7);
INSERT INTO ATENCION_AGEN (ID_ATENCION_AGENDADA,FECHA,HORA,OBSERVACIONES,ID_PACIENTE,ID_PERSONAL_MEDICO,ID_PAGO,ID_PRESTACION,ID_ESTADO_ATENCION) VALUES (8,'08/24/2017','PDT','Lorem ipsum dolor sit',8,8,8,8,8);
INSERT INTO ATENCION_AGEN (ID_ATENCION_AGENDADA,FECHA,HORA,OBSERVACIONES,ID_PACIENTE,ID_PERSONAL_MEDICO,ID_PAGO,ID_PRESTACION,ID_ESTADO_ATENCION) VALUES (9,'04/26/2017','PDT','Lorem ipsum dolor sit amet, consectetuer adipiscing elit. Curabitur sed tortor. Integer aliquam',9,9,9,9,9);
INSERT INTO ATENCION_AGEN (ID_ATENCION_AGENDADA,FECHA,HORA,OBSERVACIONES,ID_PACIENTE,ID_PERSONAL_MEDICO,ID_PAGO,ID_PRESTACION,ID_ESTADO_ATENCION) VALUES (10,'10/25/2016','PDT','Lorem ipsum dolor sit amet, consectetuer adipiscing elit. Curabitur sed tortor. Integer aliquam adipiscing lacus. Ut nec urna et',10,10,10,10,10);
INSERT INTO ATENCION_AGEN (ID_ATENCION_AGENDADA,FECHA,HORA,OBSERVACIONES,ID_PACIENTE,ID_PERSONAL_MEDICO,ID_PAGO,ID_PRESTACION,ID_ESTADO_ATENCION) VALUES (11,'08/24/2016','PDT','Lorem ipsum dolor sit amet, consectetuer adipiscing elit. Curabitur sed',11,11,11,11,11);
INSERT INTO ATENCION_AGEN (ID_ATENCION_AGENDADA,FECHA,HORA,OBSERVACIONES,ID_PACIENTE,ID_PERSONAL_MEDICO,ID_PAGO,ID_PRESTACION,ID_ESTADO_ATENCION) VALUES (12,'08/06/2016','PDT','Lorem ipsum dolor sit amet, consectetuer adipiscing elit. Curabitur',12,12,12,12,12);
INSERT INTO ATENCION_AGEN (ID_ATENCION_AGENDADA,FECHA,HORA,OBSERVACIONES,ID_PACIENTE,ID_PERSONAL_MEDICO,ID_PAGO,ID_PRESTACION,ID_ESTADO_ATENCION) VALUES (13,'03/01/2017','PDT','Lorem',13,13,13,13,13);
INSERT INTO ATENCION_AGEN (ID_ATENCION_AGENDADA,FECHA,HORA,OBSERVACIONES,ID_PACIENTE,ID_PERSONAL_MEDICO,ID_PAGO,ID_PRESTACION,ID_ESTADO_ATENCION) VALUES (14,'06/09/2016','PST','Lorem ipsum dolor sit amet, consectetuer adipiscing elit. Curabitur sed tortor. Integer aliquam adipiscing lacus. Ut nec urna et',14,14,14,14,14);
INSERT INTO ATENCION_AGEN (ID_ATENCION_AGENDADA,FECHA,HORA,OBSERVACIONES,ID_PACIENTE,ID_PERSONAL_MEDICO,ID_PAGO,ID_PRESTACION,ID_ESTADO_ATENCION) VALUES (15,'03/15/2017','PST','Lorem',15,15,15,15,15);
INSERT INTO ATENCION_AGEN (ID_ATENCION_AGENDADA,FECHA,HORA,OBSERVACIONES,ID_PACIENTE,ID_PERSONAL_MEDICO,ID_PAGO,ID_PRESTACION,ID_ESTADO_ATENCION) VALUES (16,'08/08/2017','PDT','Lorem ipsum dolor sit amet, consectetuer adipiscing elit. Curabitur sed tortor. Integer aliquam adipiscing lacus. Ut nec',16,16,16,16,16);
INSERT INTO ATENCION_AGEN (ID_ATENCION_AGENDADA,FECHA,HORA,OBSERVACIONES,ID_PACIENTE,ID_PERSONAL_MEDICO,ID_PAGO,ID_PRESTACION,ID_ESTADO_ATENCION) VALUES (17,'04/22/2017','PDT','Lorem ipsum dolor sit amet, consectetuer adipiscing',17,17,17,17,17);
INSERT INTO ATENCION_AGEN (ID_ATENCION_AGENDADA,FECHA,HORA,OBSERVACIONES,ID_PACIENTE,ID_PERSONAL_MEDICO,ID_PAGO,ID_PRESTACION,ID_ESTADO_ATENCION) VALUES (18,'09/07/2017','PDT','Lorem ipsum dolor sit amet, consectetuer adipiscing elit. Curabitur sed',18,18,18,18,18);
INSERT INTO ATENCION_AGEN (ID_ATENCION_AGENDADA,FECHA,HORA,OBSERVACIONES,ID_PACIENTE,ID_PERSONAL_MEDICO,ID_PAGO,ID_PRESTACION,ID_ESTADO_ATENCION) VALUES (19,'01/12/2017','PDT','Lorem ipsum dolor sit amet, consectetuer adipiscing elit. Curabitur sed tortor. Integer aliquam',19,19,19,19,19);
INSERT INTO ATENCION_AGEN (ID_ATENCION_AGENDADA,FECHA,HORA,OBSERVACIONES,ID_PACIENTE,ID_PERSONAL_MEDICO,ID_PAGO,ID_PRESTACION,ID_ESTADO_ATENCION) VALUES (20,'02/13/2017','PDT','Lorem ipsum dolor sit amet, consectetuer adipiscing elit. Curabitur sed tortor. Integer aliquam',20,20,20,20,20);

INSERT INTO RES_ATENCION (ID_RESULTADO_ATENCION,ATENCION_ABIERTA,COMENTARIO,ID_ATENCION_AGENDADA,ID_ORDEN_ANALISIS,ID_PERSONAL_MEDICO) VALUES (1,0,'mauris sit amet',1,1,1);
INSERT INTO RES_ATENCION (ID_RESULTADO_ATENCION,ATENCION_ABIERTA,COMENTARIO,ID_ATENCION_AGENDADA,ID_ORDEN_ANALISIS,ID_PERSONAL_MEDICO) VALUES (2,1,'Fusce dolor quam,',2,2,2);
INSERT INTO RES_ATENCION (ID_RESULTADO_ATENCION,ATENCION_ABIERTA,COMENTARIO,ID_ATENCION_AGENDADA,ID_ORDEN_ANALISIS,ID_PERSONAL_MEDICO) VALUES (3,0,'mi enim, condimentum',3,3,3);
INSERT INTO RES_ATENCION (ID_RESULTADO_ATENCION,ATENCION_ABIERTA,COMENTARIO,ID_ATENCION_AGENDADA,ID_ORDEN_ANALISIS,ID_PERSONAL_MEDICO) VALUES (4,0,'non enim commodo',4,4,4);
INSERT INTO RES_ATENCION (ID_RESULTADO_ATENCION,ATENCION_ABIERTA,COMENTARIO,ID_ATENCION_AGENDADA,ID_ORDEN_ANALISIS,ID_PERSONAL_MEDICO) VALUES (5,0,'tristique senectus et',5,5,5);
INSERT INTO RES_ATENCION (ID_RESULTADO_ATENCION,ATENCION_ABIERTA,COMENTARIO,ID_ATENCION_AGENDADA,ID_ORDEN_ANALISIS,ID_PERSONAL_MEDICO) VALUES (6,1,'tempor arcu. Vestibulum',6,6,6);
INSERT INTO RES_ATENCION (ID_RESULTADO_ATENCION,ATENCION_ABIERTA,COMENTARIO,ID_ATENCION_AGENDADA,ID_ORDEN_ANALISIS,ID_PERSONAL_MEDICO) VALUES (7,1,'montes, nascetur ridiculus',7,7,7);
INSERT INTO RES_ATENCION (ID_RESULTADO_ATENCION,ATENCION_ABIERTA,COMENTARIO,ID_ATENCION_AGENDADA,ID_ORDEN_ANALISIS,ID_PERSONAL_MEDICO) VALUES (8,1,'Pellentesque habitant morbi',8,8,8);
INSERT INTO RES_ATENCION (ID_RESULTADO_ATENCION,ATENCION_ABIERTA,COMENTARIO,ID_ATENCION_AGENDADA,ID_ORDEN_ANALISIS,ID_PERSONAL_MEDICO) VALUES (9,0,'Donec nibh. Quisque',9,9,9);
INSERT INTO RES_ATENCION (ID_RESULTADO_ATENCION,ATENCION_ABIERTA,COMENTARIO,ID_ATENCION_AGENDADA,ID_ORDEN_ANALISIS,ID_PERSONAL_MEDICO) VALUES (10,0,'Morbi quis urna.',10,10,10);
INSERT INTO RES_ATENCION (ID_RESULTADO_ATENCION,ATENCION_ABIERTA,COMENTARIO,ID_ATENCION_AGENDADA,ID_ORDEN_ANALISIS,ID_PERSONAL_MEDICO) VALUES (11,0,'convallis ligula. Donec',11,11,11);
INSERT INTO RES_ATENCION (ID_RESULTADO_ATENCION,ATENCION_ABIERTA,COMENTARIO,ID_ATENCION_AGENDADA,ID_ORDEN_ANALISIS,ID_PERSONAL_MEDICO) VALUES (12,1,'felis ullamcorper viverra.',12,12,12);
INSERT INTO RES_ATENCION (ID_RESULTADO_ATENCION,ATENCION_ABIERTA,COMENTARIO,ID_ATENCION_AGENDADA,ID_ORDEN_ANALISIS,ID_PERSONAL_MEDICO) VALUES (13,0,'Curae; Donec tincidunt.',13,13,13);
INSERT INTO RES_ATENCION (ID_RESULTADO_ATENCION,ATENCION_ABIERTA,COMENTARIO,ID_ATENCION_AGENDADA,ID_ORDEN_ANALISIS,ID_PERSONAL_MEDICO) VALUES (14,1,'placerat. Cras dictum',14,14,14);
INSERT INTO RES_ATENCION (ID_RESULTADO_ATENCION,ATENCION_ABIERTA,COMENTARIO,ID_ATENCION_AGENDADA,ID_ORDEN_ANALISIS,ID_PERSONAL_MEDICO) VALUES (15,1,'nibh vulputate mauris',15,15,15);
INSERT INTO RES_ATENCION (ID_RESULTADO_ATENCION,ATENCION_ABIERTA,COMENTARIO,ID_ATENCION_AGENDADA,ID_ORDEN_ANALISIS,ID_PERSONAL_MEDICO) VALUES (16,1,'Cras convallis convallis',16,16,16);
INSERT INTO RES_ATENCION (ID_RESULTADO_ATENCION,ATENCION_ABIERTA,COMENTARIO,ID_ATENCION_AGENDADA,ID_ORDEN_ANALISIS,ID_PERSONAL_MEDICO) VALUES (17,1,'lorem. Donec elementum,',17,17,17);
INSERT INTO RES_ATENCION (ID_RESULTADO_ATENCION,ATENCION_ABIERTA,COMENTARIO,ID_ATENCION_AGENDADA,ID_ORDEN_ANALISIS,ID_PERSONAL_MEDICO) VALUES (18,1,'Ut semper pretium',18,18,18);
INSERT INTO RES_ATENCION (ID_RESULTADO_ATENCION,ATENCION_ABIERTA,COMENTARIO,ID_ATENCION_AGENDADA,ID_ORDEN_ANALISIS,ID_PERSONAL_MEDICO) VALUES (19,0,'libero mauris, aliquam',19,19,19);
INSERT INTO RES_ATENCION (ID_RESULTADO_ATENCION,ATENCION_ABIERTA,COMENTARIO,ID_ATENCION_AGENDADA,ID_ORDEN_ANALISIS,ID_PERSONAL_MEDICO) VALUES (20,1,'dictum. Proin eget',20,20,20);

INSERT INTO ARCHIVO (ID_ARCHIVO,FILE_URI,ID_RESULTADO_ATENCION) VALUES (1,'mauris',1);
INSERT INTO ARCHIVO (ID_ARCHIVO,FILE_URI,ID_RESULTADO_ATENCION) VALUES (2,'Vivamus',2);
INSERT INTO ARCHIVO (ID_ARCHIVO,FILE_URI,ID_RESULTADO_ATENCION) VALUES (3,'ultrices.',3);
INSERT INTO ARCHIVO (ID_ARCHIVO,FILE_URI,ID_RESULTADO_ATENCION) VALUES (4,'Vivamus',4);
INSERT INTO ARCHIVO (ID_ARCHIVO,FILE_URI,ID_RESULTADO_ATENCION) VALUES (5,'Nam',5);
INSERT INTO ARCHIVO (ID_ARCHIVO,FILE_URI,ID_RESULTADO_ATENCION) VALUES (6,'purus.',6);
INSERT INTO ARCHIVO (ID_ARCHIVO,FILE_URI,ID_RESULTADO_ATENCION) VALUES (7,'gravida.',7);
INSERT INTO ARCHIVO (ID_ARCHIVO,FILE_URI,ID_RESULTADO_ATENCION) VALUES (8,'Proin',8);
INSERT INTO ARCHIVO (ID_ARCHIVO,FILE_URI,ID_RESULTADO_ATENCION) VALUES (9,'Morbi',9);
INSERT INTO ARCHIVO (ID_ARCHIVO,FILE_URI,ID_RESULTADO_ATENCION) VALUES (10,'malesuada',10);
INSERT INTO ARCHIVO (ID_ARCHIVO,FILE_URI,ID_RESULTADO_ATENCION) VALUES (11,'vitae,',11);
INSERT INTO ARCHIVO (ID_ARCHIVO,FILE_URI,ID_RESULTADO_ATENCION) VALUES (12,'vel',12);
INSERT INTO ARCHIVO (ID_ARCHIVO,FILE_URI,ID_RESULTADO_ATENCION) VALUES (13,'dictum',13);
INSERT INTO ARCHIVO (ID_ARCHIVO,FILE_URI,ID_RESULTADO_ATENCION) VALUES (14,'lobortis.',14);
INSERT INTO ARCHIVO (ID_ARCHIVO,FILE_URI,ID_RESULTADO_ATENCION) VALUES (15,'Cras',15);
INSERT INTO ARCHIVO (ID_ARCHIVO,FILE_URI,ID_RESULTADO_ATENCION) VALUES (16,'a,',16);
INSERT INTO ARCHIVO (ID_ARCHIVO,FILE_URI,ID_RESULTADO_ATENCION) VALUES (17,'lacus.',17);
INSERT INTO ARCHIVO (ID_ARCHIVO,FILE_URI,ID_RESULTADO_ATENCION) VALUES (18,'enim',18);
INSERT INTO ARCHIVO (ID_ARCHIVO,FILE_URI,ID_RESULTADO_ATENCION) VALUES (19,'scelerisque',19);
INSERT INTO ARCHIVO (ID_ARCHIVO,FILE_URI,ID_RESULTADO_ATENCION) VALUES (20,'augue',20);