INSERT INTO PERSONAL (NOMBRES, APELLIDOS, REMUNERACION, HASHED_PASS, PORCENT_DESCUENTO, RUT, VERIFICADOR, EMAIL, ACTIVO) VALUES ('Mister', 'Medico', '500000', '9C9752FD8C878F87D8B52E927BA218AB', '7', '18861423', 'K', 'fjaqueg@gmail.com', '1');
INSERT INTO PERSONAL (NOMBRES, APELLIDOS, REMUNERACION, HASHED_PASS, PORCENT_DESCUENTO, RUT, VERIFICADOR, EMAIL, ACTIVO) VALUES ('Señor', 'Enfermero', '450000', '9C9752FD8C878F87D8B52E927BA218AB', '7', '18373278', '1', 'baezahuertaelias@aol.cl', '1');
INSERT INTO PERSONAL (NOMBRES, APELLIDOS, REMUNERACION, HASHED_PASS, PORCENT_DESCUENTO, RUT, VERIFICADOR, EMAIL, ACTIVO) VALUES ('Tío', 'Tecnologo', '600000', '9C9752FD8C878F87D8B52E927BA218AB', '7', '18863461', '3', 'go.lopezsa@gmail.com', '1');
INSERT INTO PERSONAL (NOMBRES, APELLIDOS, REMUNERACION, HASHED_PASS, PORCENT_DESCUENTO, RUT, VERIFICADOR, EMAIL, ACTIVO) VALUES ('Tía', 'Cajera', '400000', '9C9752FD8C878F87D8B52E927BA218AB', '7', '16369140', 'K', 'DELASOTTA.PABLO@GMAIL.COM', '1');
INSERT INTO PERSONAL (NOMBRES, APELLIDOS, REMUNERACION, HASHED_PASS, PORCENT_DESCUENTO, RUT, VERIFICADOR, EMAIL, ACTIVO) VALUES ('Abuelo', 'Jefe', '500000', '9C9752FD8C878F87D8B52E927BA218AB', '7', '18766326', '1', 'PALANX67.STORE@GMAIL.COM', '1'); 

INSERT INTO PACIENTE (NOMBRES_PACIENTE,APELLIDOS_PACIENTE,RUT,HASHED_PASS,EMAIL_PACIENTE,DIGITO_VERIFICADOR) VALUES ('Tarik','Olsen','17653653','9C9752FD8C878F87D8B52E927BA218AB','in.felis@antedictummi.org','2');
INSERT INTO PACIENTE (NOMBRES_PACIENTE,APELLIDOS_PACIENTE,RUT,HASHED_PASS,EMAIL_PACIENTE,DIGITO_VERIFICADOR) VALUES ('Alea','Gordon','14040855','9C9752FD8C878F87D8B52E927BA218AB','metus.Aliquam.erat@tellus.com','9');
INSERT INTO PACIENTE (NOMBRES_PACIENTE,APELLIDOS_PACIENTE,RUT,HASHED_PASS,EMAIL_PACIENTE,DIGITO_VERIFICADOR) VALUES ('Jaime','Pope','1216879','9C9752FD8C878F87D8B52E927BA218AB','nec@euplacerat.ca','8');
INSERT INTO PACIENTE (NOMBRES_PACIENTE,APELLIDOS_PACIENTE,RUT,HASHED_PASS,EMAIL_PACIENTE,DIGITO_VERIFICADOR) VALUES ('Morgan','Garner','16034708','9C9752FD8C878F87D8B52E927BA218AB','condimentum.Donec@arcu.com','K');
INSERT INTO PACIENTE (NOMBRES_PACIENTE,APELLIDOS_PACIENTE,RUT,HASHED_PASS,EMAIL_PACIENTE,DIGITO_VERIFICADOR) VALUES ('Hope','Perez','16905702','9C9752FD8C878F87D8B52E927BA218AB','rutrum@aliquetliberoInteger.com','5');

INSERT INTO TIPO_C_BANCARIA (NOM_C_BANCARIA) VALUES ('Vista');
INSERT INTO TIPO_C_BANCARIA (NOM_C_BANCARIA) VALUES ('Corriente');
INSERT INTO TIPO_C_BANCARIA (NOM_C_BANCARIA) VALUES ('Ahorro');

INSERT INTO BANCO (NOMBRE) VALUES ('BANCO DE CHILE');
INSERT INTO BANCO (NOMBRE) VALUES ('BANCO INTERNACIONAL');
INSERT INTO BANCO (NOMBRE) VALUES ('SCOTIABANK CHILE');
INSERT INTO BANCO (NOMBRE) VALUES ('BANCO BICE');
INSERT INTO BANCO (NOMBRE) VALUES ('HSBC BANK CHILE');
INSERT INTO BANCO (NOMBRE) VALUES ('BANCO SANTANDER CHILE');
INSERT INTO BANCO (NOMBRE) VALUES ('BANCO ITAÚ CORPBANCA');
INSERT INTO BANCO (NOMBRE) VALUES ('BANCO SECURITY');
INSERT INTO BANCO (NOMBRE) VALUES ('BANCO FALABELLA');
INSERT INTO BANCO (NOMBRE) VALUES ('BANCO RIPLEY');
INSERT INTO BANCO (NOMBRE) VALUES ('RABOBANK CHILE');
INSERT INTO BANCO (NOMBRE) VALUES ('BANCO CONSORCIO');
INSERT INTO BANCO (NOMBRE) VALUES ('BANCO PENTA');
INSERT INTO BANCO (NOMBRE) VALUES ('BANCO PARIS');
INSERT INTO BANCO (NOMBRE) VALUES ('BANCO BILBAO VIZCAYA ARGENTARIA, CHILE (BBVA)');
INSERT INTO BANCO (NOMBRE) VALUES ('BANCO BTG PACTUAL CHILE');

INSERT INTO TIPO_EQUIPO (NOMBRE_TIPO_EQUIPO) VALUES ('Gasa para uso interno no absorbible');
INSERT INTO TIPO_EQUIPO (NOMBRE_TIPO_EQUIPO) VALUES ('Jeringa de vidrio con aguja');
INSERT INTO TIPO_EQUIPO (NOMBRE_TIPO_EQUIPO) VALUES ('Monitor cardíaco');
INSERT INTO TIPO_EQUIPO (NOMBRE_TIPO_EQUIPO) VALUES ('Sutura quirúrgica no absorbible de poli etilen tereftalato (poliéster) cardiovascular');

INSERT INTO INVENTARIO (CANT_BODEGA, ID_TIPO_EQUIPO) VALUES ('500', '1');
INSERT INTO INVENTARIO (CANT_BODEGA, ID_TIPO_EQUIPO) VALUES ('200', '2');
INSERT INTO INVENTARIO (CANT_BODEGA, ID_TIPO_EQUIPO) VALUES ('50', '3');
INSERT INTO INVENTARIO (CANT_BODEGA, ID_TIPO_EQUIPO) VALUES ('500', '4');

INSERT INTO TIPO_PRES (NOM_TIPO_PREST) VALUES ('Consulta medica');
INSERT INTO TIPO_PRES (NOM_TIPO_PREST) VALUES ('Examen de laboratorio');
INSERT INTO TIPO_PRES (NOM_TIPO_PREST) VALUES ('Examen de imagenologia');

INSERT INTO ESTADO_ATEN (NOM_ESTADO_ATEN) VALUES ('Vigente');
INSERT INTO ESTADO_ATEN (NOM_ESTADO_ATEN) VALUES ('Anulado');
INSERT INTO ESTADO_ATEN (NOM_ESTADO_ATEN) VALUES ('Pagado');
INSERT INTO ESTADO_ATEN (NOM_ESTADO_ATEN) VALUES ('Cerrado');

INSERT INTO DIA_SEM (NOMBRE_DIA) VALUES ('Lunes');
INSERT INTO DIA_SEM (NOMBRE_DIA) VALUES ('Martes');
INSERT INTO DIA_SEM (NOMBRE_DIA) VALUES ('Miercoles');
INSERT INTO DIA_SEM (NOMBRE_DIA) VALUES ('Jueves');
INSERT INTO DIA_SEM (NOMBRE_DIA) VALUES ('Viernes');
INSERT INTO DIA_SEM (NOMBRE_DIA) VALUES ('Sabado');
INSERT INTO DIA_SEM (NOMBRE_DIA) VALUES ('Domingo');

INSERT INTO ASEGURADORA (NOM_ASEGURADORA) VALUES ('Banmédica');
INSERT INTO ASEGURADORA (NOM_ASEGURADORA) VALUES ('Colmena Golden Cross');
INSERT INTO ASEGURADORA (NOM_ASEGURADORA) VALUES ('Mas Vida');
INSERT INTO ASEGURADORA (NOM_ASEGURADORA) VALUES ('Vida Tres');
INSERT INTO ASEGURADORA (NOM_ASEGURADORA) VALUES ('Cruz Blanca');
INSERT INTO ASEGURADORA (NOM_ASEGURADORA) VALUES ('Consalud');
INSERT INTO ASEGURADORA (NOM_ASEGURADORA) VALUES ('Ferrosalud');

INSERT INTO TIPO_FICHA (NOM_TIPO_FICHA) VALUES ('Ficha de consultas medicas');
INSERT INTO TIPO_FICHA (NOM_TIPO_FICHA) VALUES ('Ficha de examen de laborario');
INSERT INTO TIPO_FICHA (NOM_TIPO_FICHA) VALUES ('Ficha de examen de imagenologia');

INSERT INTO CARGO (NOMBRE_CARGO) VALUES ('Operador');
INSERT INTO CARGO (NOMBRE_CARGO) VALUES ('Jefe de operador');

INSERT INTO ESPECIALIDAD (NOM_ESPECIALIDAD) VALUES ('Medico');
INSERT INTO ESPECIALIDAD (NOM_ESPECIALIDAD) VALUES ('Enfermero');
INSERT INTO ESPECIALIDAD (NOM_ESPECIALIDAD) VALUES ('Tecnologo');

INSERT INTO FUNCIONARIO (ID_CARGO_FUNCI, ID_PERSONAL) VALUES ('1', '4');
INSERT INTO FUNCIONARIO (ID_CARGO_FUNCI, ID_PERSONAL) VALUES ('2', '5');

INSERT INTO PERS_MEDICO (ID_ESPECIALIDAD, ID_PERSONAL) VALUES ('1', '1');
INSERT INTO PERS_MEDICO (ID_ESPECIALIDAD, ID_PERSONAL) VALUES ('2', '2');
INSERT INTO PERS_MEDICO (ID_ESPECIALIDAD, ID_PERSONAL) VALUES ('3', '3');

INSERT INTO CAJA (FECHOR_APERTURA,FECHOR_CIERRE,ID_FUNCIONARIO,CANT_EFECTIVO_INI, CANT_EFECTIVO_FIN, CANT_CHEQUE_FIN) VALUES (TO_DATE('01/28/2016 08:00','MM/DD/YYYY HH24:MI'),TO_DATE('01/28/2016 18:00','MM/DD/YYYY HH24:MI'),1,100000,100000,3); 
INSERT INTO CAJA (FECHOR_APERTURA,FECHOR_CIERRE,ID_FUNCIONARIO,CANT_EFECTIVO_INI, CANT_EFECTIVO_FIN, CANT_CHEQUE_FIN) VALUES (TO_DATE('02/14/2016 08:00','MM/DD/YYYY HH24:MI'),TO_DATE('02/14/2016 18:00','MM/DD/YYYY HH24:MI'),1,80000,80000,2); 
INSERT INTO CAJA (FECHOR_APERTURA,FECHOR_CIERRE,ID_FUNCIONARIO,CANT_EFECTIVO_INI, CANT_EFECTIVO_FIN, CANT_CHEQUE_FIN) VALUES (TO_DATE('03/03/2016 08:00','MM/DD/YYYY HH24:MI'),TO_DATE('03/03/2016 18:00','MM/DD/YYYY HH24:MI'),1,100000,110000,5); 
INSERT INTO CAJA (FECHOR_APERTURA,FECHOR_CIERRE,ID_FUNCIONARIO,CANT_EFECTIVO_INI, CANT_EFECTIVO_FIN, CANT_CHEQUE_FIN) VALUES (TO_DATE('03/09/2016 08:00','MM/DD/YYYY HH24:MI'),TO_DATE('03/09/2016 18:00','MM/DD/YYYY HH24:MI'),1,120000,120000,6); 
INSERT INTO CAJA (FECHOR_APERTURA,FECHOR_CIERRE,ID_FUNCIONARIO,CANT_EFECTIVO_INI, CANT_EFECTIVO_FIN, CANT_CHEQUE_FIN) VALUES (TO_DATE('03/14/2016 08:00','MM/DD/YYYY HH24:MI'),TO_DATE('03/14/2016 18:00','MM/DD/YYYY HH24:MI'),1,70000,60000,1); 

INSERT INTO BONO (CANT_BONO, COD_ASEGURADORA, ID_ASEGURADORA) VALUES ('5000', 'ASE001', '2');
INSERT INTO BONO (CANT_BONO, COD_ASEGURADORA, ID_ASEGURADORA) VALUES ('7500', 'ASE002', '3');
INSERT INTO BONO (CANT_BONO, COD_ASEGURADORA, ID_ASEGURADORA) VALUES ('2450', 'ASE004', '4');
INSERT INTO BONO (CANT_BONO, COD_ASEGURADORA, ID_ASEGURADORA) VALUES ('6500', 'ASE005', '1');

INSERT INTO PRESTACION (NOM_PRESTACION, PRECIO_PRESTACION, CODIGO_PRESTACION, ID_ESPECIALIDAD, ID_TIPO_PRESTACION, ACTIVO) VALUES ('Consulta pediatra', '10000', 'PRES001', '1', '1', '1');
INSERT INTO PRESTACION (NOM_PRESTACION, PRECIO_PRESTACION, CODIGO_PRESTACION, ID_ESPECIALIDAD, ID_TIPO_PRESTACION, ACTIVO) VALUES ('Oftalmologia general', '15000', 'PRES002', '1', '1', '1');
INSERT INTO PRESTACION (NOM_PRESTACION, PRECIO_PRESTACION, CODIGO_PRESTACION, ID_ESPECIALIDAD, ID_TIPO_PRESTACION, ACTIVO) VALUES ('Dermatologia general', '12000', 'PRES003', '1', '1', '1');
INSERT INTO PRESTACION (NOM_PRESTACION, PRECIO_PRESTACION, CODIGO_PRESTACION, ID_ESPECIALIDAD, ID_TIPO_PRESTACION, ACTIVO) VALUES ('Nivel de bilirrubina', '18000', 'PRES004', '2', '2', '1');
INSERT INTO PRESTACION (NOM_PRESTACION, PRECIO_PRESTACION, CODIGO_PRESTACION, ID_ESPECIALIDAD, ID_TIPO_PRESTACION, ACTIVO) VALUES ('Examen de VIH o SIDA', '15000', 'PRES005', '2', '2', '1');
INSERT INTO PRESTACION (NOM_PRESTACION, PRECIO_PRESTACION, CODIGO_PRESTACION, ID_ESPECIALIDAD, ID_TIPO_PRESTACION, ACTIVO) VALUES ('Examen del funcionamiento del higado', '22000', 'PRES006', '2', '2', '1');
INSERT INTO PRESTACION (NOM_PRESTACION, PRECIO_PRESTACION, CODIGO_PRESTACION, ID_ESPECIALIDAD, ID_TIPO_PRESTACION, ACTIVO) VALUES ('Resonancia  magnetica', '80000', 'PRES007', '3', '3', '1');
INSERT INTO PRESTACION (NOM_PRESTACION, PRECIO_PRESTACION, CODIGO_PRESTACION, ID_ESPECIALIDAD, ID_TIPO_PRESTACION, ACTIVO) VALUES ('Mamografia', '50000', 'PRES008', '3', '3', '1');
INSERT INTO PRESTACION (NOM_PRESTACION, PRECIO_PRESTACION, CODIGO_PRESTACION, ID_ESPECIALIDAD, ID_TIPO_PRESTACION, ACTIVO) VALUES ('Procedimientos intervencionales endovasculares', '45000', 'PRES009', '3', '3', '1');

INSERT INTO EQUIPO_REQ (CANTIDAD, ID_TIPO_EQUIPO, ID_PRESTACION) VALUES ('3', '1', '3');
INSERT INTO EQUIPO_REQ (CANTIDAD, ID_TIPO_EQUIPO, ID_PRESTACION) VALUES ('1', '2', '5');
INSERT INTO EQUIPO_REQ (CANTIDAD, ID_TIPO_EQUIPO, ID_PRESTACION) VALUES ('2', '1', '5');

INSERT INTO CUEN_BANCARIA (ID_PERS_MEDICO, ID_TIPO_C_BANCARIA, NUM_C_BANCARIA, ID_BANCO) VALUES ('1', '1', '2100 0813 6101 2345', '4');
INSERT INTO CUEN_BANCARIA (ID_PERS_MEDICO, ID_TIPO_C_BANCARIA, NUM_C_BANCARIA, ID_BANCO) VALUES ('2', '2', '2132 4020 6244 1169', '2');
INSERT INTO CUEN_BANCARIA (ID_PERS_MEDICO, ID_TIPO_C_BANCARIA, NUM_C_BANCARIA, ID_BANCO) VALUES ('3', '3', '2160 4567 2335 7369', '1');

INSERT INTO LOGPAGOHONORARIO (TOTAL, FECHOR, ID_CUEN_BANCARIA) VALUES ('500000', TO_DATE('11/01/2016 08:30','MM/DD/YYYY HH24:MI'), '1');
INSERT INTO LOGPAGOHONORARIO (TOTAL, FECHOR, ID_CUEN_BANCARIA) VALUES ('450000', TO_DATE('11/01/2016 08:30','MM/DD/YYYY HH24:MI'), '2');
INSERT INTO LOGPAGOHONORARIO (TOTAL, FECHOR, ID_CUEN_BANCARIA) VALUES ('600000', TO_DATE('11/01/2016 08:30','MM/DD/YYYY HH24:MI'), '3');

INSERT INTO BLOQUE (NUM_BLOQUE, NUM_HORA_INI, NUM_MINU_INI, NUM_HORA_FIN, NUM_MINU_FIN, ID_DIA_SEM) VALUES ('1', '8', '0', '8', '29', '1');
INSERT INTO BLOQUE (NUM_BLOQUE, NUM_HORA_INI, NUM_MINU_INI, NUM_HORA_FIN, NUM_MINU_FIN, ID_DIA_SEM) VALUES ('2', '8', '30', '8', '59', '1');
INSERT INTO BLOQUE (NUM_BLOQUE, NUM_HORA_INI, NUM_MINU_INI, NUM_HORA_FIN, NUM_MINU_FIN, ID_DIA_SEM) VALUES ('3', '9', '0', '9', '29', '1');
INSERT INTO BLOQUE (NUM_BLOQUE, NUM_HORA_INI, NUM_MINU_INI, NUM_HORA_FIN, NUM_MINU_FIN, ID_DIA_SEM) VALUES ('4', '9', '30', '9', '59', '1');
INSERT INTO BLOQUE (NUM_BLOQUE, NUM_HORA_INI, NUM_MINU_INI, NUM_HORA_FIN, NUM_MINU_FIN, ID_DIA_SEM) VALUES ('5', '10', '0', '10', '29', '1');
INSERT INTO BLOQUE (NUM_BLOQUE, NUM_HORA_INI, NUM_MINU_INI, NUM_HORA_FIN, NUM_MINU_FIN, ID_DIA_SEM) VALUES ('6', '10', '30', '10', '59', '1');
INSERT INTO BLOQUE (NUM_BLOQUE, NUM_HORA_INI, NUM_MINU_INI, NUM_HORA_FIN, NUM_MINU_FIN, ID_DIA_SEM) VALUES ('7', '11', '0', '11', '29', '1');
INSERT INTO BLOQUE (NUM_BLOQUE, NUM_HORA_INI, NUM_MINU_INI, NUM_HORA_FIN, NUM_MINU_FIN, ID_DIA_SEM) VALUES ('8', '11', '30', '11', '59', '1');
INSERT INTO BLOQUE (NUM_BLOQUE, NUM_HORA_INI, NUM_MINU_INI, NUM_HORA_FIN, NUM_MINU_FIN, ID_DIA_SEM) VALUES ('9', '12', '0', '12', '29', '1');
INSERT INTO BLOQUE (NUM_BLOQUE, NUM_HORA_INI, NUM_MINU_INI, NUM_HORA_FIN, NUM_MINU_FIN, ID_DIA_SEM) VALUES ('10', '12', '30', '12', '59', '1');
INSERT INTO BLOQUE (NUM_BLOQUE, NUM_HORA_INI, NUM_MINU_INI, NUM_HORA_FIN, NUM_MINU_FIN, ID_DIA_SEM) VALUES ('11', '13', '0', '13', '29', '1');
INSERT INTO BLOQUE (NUM_BLOQUE, NUM_HORA_INI, NUM_MINU_INI, NUM_HORA_FIN, NUM_MINU_FIN, ID_DIA_SEM) VALUES ('12', '13', '30', '13', '59', '1');
INSERT INTO BLOQUE (NUM_BLOQUE, NUM_HORA_INI, NUM_MINU_INI, NUM_HORA_FIN, NUM_MINU_FIN, ID_DIA_SEM) VALUES ('13', '14', '0', '14', '29', '1');
INSERT INTO BLOQUE (NUM_BLOQUE, NUM_HORA_INI, NUM_MINU_INI, NUM_HORA_FIN, NUM_MINU_FIN, ID_DIA_SEM) VALUES ('14', '14', '30', '14', '59', '1');
INSERT INTO BLOQUE (NUM_BLOQUE, NUM_HORA_INI, NUM_MINU_INI, NUM_HORA_FIN, NUM_MINU_FIN, ID_DIA_SEM) VALUES ('15', '15', '0', '15', '29', '1');
INSERT INTO BLOQUE (NUM_BLOQUE, NUM_HORA_INI, NUM_MINU_INI, NUM_HORA_FIN, NUM_MINU_FIN, ID_DIA_SEM) VALUES ('16', '15', '30', '15', '59', '1');
INSERT INTO BLOQUE (NUM_BLOQUE, NUM_HORA_INI, NUM_MINU_INI, NUM_HORA_FIN, NUM_MINU_FIN, ID_DIA_SEM) VALUES ('17', '16', '0', '16', '29', '1');
INSERT INTO BLOQUE (NUM_BLOQUE, NUM_HORA_INI, NUM_MINU_INI, NUM_HORA_FIN, NUM_MINU_FIN, ID_DIA_SEM) VALUES ('18', '16', '30', '16', '59', '1');
INSERT INTO BLOQUE (NUM_BLOQUE, NUM_HORA_INI, NUM_MINU_INI, NUM_HORA_FIN, NUM_MINU_FIN, ID_DIA_SEM) VALUES ('19', '17', '0', '17', '29', '1');
INSERT INTO BLOQUE (NUM_BLOQUE, NUM_HORA_INI, NUM_MINU_INI, NUM_HORA_FIN, NUM_MINU_FIN, ID_DIA_SEM) VALUES ('20', '17', '30', '17', '59', '1');
INSERT INTO BLOQUE (NUM_BLOQUE, NUM_HORA_INI, NUM_MINU_INI, NUM_HORA_FIN, NUM_MINU_FIN, ID_DIA_SEM) VALUES ('21', '8', '0', '8', '29', '2');
INSERT INTO BLOQUE (NUM_BLOQUE, NUM_HORA_INI, NUM_MINU_INI, NUM_HORA_FIN, NUM_MINU_FIN, ID_DIA_SEM) VALUES ('22', '8', '30', '8', '59', '2');
INSERT INTO BLOQUE (NUM_BLOQUE, NUM_HORA_INI, NUM_MINU_INI, NUM_HORA_FIN, NUM_MINU_FIN, ID_DIA_SEM) VALUES ('23', '9', '0', '9', '29', '2');
INSERT INTO BLOQUE (NUM_BLOQUE, NUM_HORA_INI, NUM_MINU_INI, NUM_HORA_FIN, NUM_MINU_FIN, ID_DIA_SEM) VALUES ('24', '9', '30', '9', '59', '2');
INSERT INTO BLOQUE (NUM_BLOQUE, NUM_HORA_INI, NUM_MINU_INI, NUM_HORA_FIN, NUM_MINU_FIN, ID_DIA_SEM) VALUES ('25', '10', '0', '10', '29', '2');
INSERT INTO BLOQUE (NUM_BLOQUE, NUM_HORA_INI, NUM_MINU_INI, NUM_HORA_FIN, NUM_MINU_FIN, ID_DIA_SEM) VALUES ('26', '10', '30', '10', '59', '2');
INSERT INTO BLOQUE (NUM_BLOQUE, NUM_HORA_INI, NUM_MINU_INI, NUM_HORA_FIN, NUM_MINU_FIN, ID_DIA_SEM) VALUES ('27', '11', '0', '11', '29', '2');
INSERT INTO BLOQUE (NUM_BLOQUE, NUM_HORA_INI, NUM_MINU_INI, NUM_HORA_FIN, NUM_MINU_FIN, ID_DIA_SEM) VALUES ('28', '11', '30', '11', '59', '2');
INSERT INTO BLOQUE (NUM_BLOQUE, NUM_HORA_INI, NUM_MINU_INI, NUM_HORA_FIN, NUM_MINU_FIN, ID_DIA_SEM) VALUES ('29', '12', '0', '12', '29', '2');
INSERT INTO BLOQUE (NUM_BLOQUE, NUM_HORA_INI, NUM_MINU_INI, NUM_HORA_FIN, NUM_MINU_FIN, ID_DIA_SEM) VALUES ('29', '12', '30', '12', '59', '2');
INSERT INTO BLOQUE (NUM_BLOQUE, NUM_HORA_INI, NUM_MINU_INI, NUM_HORA_FIN, NUM_MINU_FIN, ID_DIA_SEM) VALUES ('30', '13', '0', '13', '29', '2');
INSERT INTO BLOQUE (NUM_BLOQUE, NUM_HORA_INI, NUM_MINU_INI, NUM_HORA_FIN, NUM_MINU_FIN, ID_DIA_SEM) VALUES ('32', '13', '30', '13', '59', '2');
INSERT INTO BLOQUE (NUM_BLOQUE, NUM_HORA_INI, NUM_MINU_INI, NUM_HORA_FIN, NUM_MINU_FIN, ID_DIA_SEM) VALUES ('33', '14', '0', '14', '29', '2');
INSERT INTO BLOQUE (NUM_BLOQUE, NUM_HORA_INI, NUM_MINU_INI, NUM_HORA_FIN, NUM_MINU_FIN, ID_DIA_SEM) VALUES ('34', '14', '30', '14', '59', '2');
INSERT INTO BLOQUE (NUM_BLOQUE, NUM_HORA_INI, NUM_MINU_INI, NUM_HORA_FIN, NUM_MINU_FIN, ID_DIA_SEM) VALUES ('35', '15', '0', '15', '29', '2');
INSERT INTO BLOQUE (NUM_BLOQUE, NUM_HORA_INI, NUM_MINU_INI, NUM_HORA_FIN, NUM_MINU_FIN, ID_DIA_SEM) VALUES ('36', '15', '30', '15', '59', '2');
INSERT INTO BLOQUE (NUM_BLOQUE, NUM_HORA_INI, NUM_MINU_INI, NUM_HORA_FIN, NUM_MINU_FIN, ID_DIA_SEM) VALUES ('37', '16', '0', '16', '29', '2');
INSERT INTO BLOQUE (NUM_BLOQUE, NUM_HORA_INI, NUM_MINU_INI, NUM_HORA_FIN, NUM_MINU_FIN, ID_DIA_SEM) VALUES ('38', '16', '30', '16', '59', '2');
INSERT INTO BLOQUE (NUM_BLOQUE, NUM_HORA_INI, NUM_MINU_INI, NUM_HORA_FIN, NUM_MINU_FIN, ID_DIA_SEM) VALUES ('39', '17', '0', '17', '29', '2');
INSERT INTO BLOQUE (NUM_BLOQUE, NUM_HORA_INI, NUM_MINU_INI, NUM_HORA_FIN, NUM_MINU_FIN, ID_DIA_SEM) VALUES ('40', '17', '30', '17', '59', '2');
INSERT INTO BLOQUE (NUM_BLOQUE, NUM_HORA_INI, NUM_MINU_INI, NUM_HORA_FIN, NUM_MINU_FIN, ID_DIA_SEM) VALUES ('41', '8', '0', '8', '29', '3');
INSERT INTO BLOQUE (NUM_BLOQUE, NUM_HORA_INI, NUM_MINU_INI, NUM_HORA_FIN, NUM_MINU_FIN, ID_DIA_SEM) VALUES ('42', '8', '30', '8', '59', '3');
INSERT INTO BLOQUE (NUM_BLOQUE, NUM_HORA_INI, NUM_MINU_INI, NUM_HORA_FIN, NUM_MINU_FIN, ID_DIA_SEM) VALUES ('43', '9', '0', '9', '29', '3');
INSERT INTO BLOQUE (NUM_BLOQUE, NUM_HORA_INI, NUM_MINU_INI, NUM_HORA_FIN, NUM_MINU_FIN, ID_DIA_SEM) VALUES ('44', '9', '30', '9', '59', '3');
INSERT INTO BLOQUE (NUM_BLOQUE, NUM_HORA_INI, NUM_MINU_INI, NUM_HORA_FIN, NUM_MINU_FIN, ID_DIA_SEM) VALUES ('45', '10', '0', '10', '29', '3');
INSERT INTO BLOQUE (NUM_BLOQUE, NUM_HORA_INI, NUM_MINU_INI, NUM_HORA_FIN, NUM_MINU_FIN, ID_DIA_SEM) VALUES ('46', '10', '30', '10', '59', '3');
INSERT INTO BLOQUE (NUM_BLOQUE, NUM_HORA_INI, NUM_MINU_INI, NUM_HORA_FIN, NUM_MINU_FIN, ID_DIA_SEM) VALUES ('47', '11', '0', '11', '29', '3');
INSERT INTO BLOQUE (NUM_BLOQUE, NUM_HORA_INI, NUM_MINU_INI, NUM_HORA_FIN, NUM_MINU_FIN, ID_DIA_SEM) VALUES ('48', '11', '30', '11', '59', '3');
INSERT INTO BLOQUE (NUM_BLOQUE, NUM_HORA_INI, NUM_MINU_INI, NUM_HORA_FIN, NUM_MINU_FIN, ID_DIA_SEM) VALUES ('49', '12', '0', '12', '29', '3');
INSERT INTO BLOQUE (NUM_BLOQUE, NUM_HORA_INI, NUM_MINU_INI, NUM_HORA_FIN, NUM_MINU_FIN, ID_DIA_SEM) VALUES ('50', '12', '30', '12', '59', '3');
INSERT INTO BLOQUE (NUM_BLOQUE, NUM_HORA_INI, NUM_MINU_INI, NUM_HORA_FIN, NUM_MINU_FIN, ID_DIA_SEM) VALUES ('51', '13', '0', '13', '29', '3');
INSERT INTO BLOQUE (NUM_BLOQUE, NUM_HORA_INI, NUM_MINU_INI, NUM_HORA_FIN, NUM_MINU_FIN, ID_DIA_SEM) VALUES ('52', '13', '30', '13', '59', '3');
INSERT INTO BLOQUE (NUM_BLOQUE, NUM_HORA_INI, NUM_MINU_INI, NUM_HORA_FIN, NUM_MINU_FIN, ID_DIA_SEM) VALUES ('53', '14', '0', '14', '29', '3');
INSERT INTO BLOQUE (NUM_BLOQUE, NUM_HORA_INI, NUM_MINU_INI, NUM_HORA_FIN, NUM_MINU_FIN, ID_DIA_SEM) VALUES ('54', '14', '30', '14', '59', '3');
INSERT INTO BLOQUE (NUM_BLOQUE, NUM_HORA_INI, NUM_MINU_INI, NUM_HORA_FIN, NUM_MINU_FIN, ID_DIA_SEM) VALUES ('55', '15', '0', '15', '29', '3');
INSERT INTO BLOQUE (NUM_BLOQUE, NUM_HORA_INI, NUM_MINU_INI, NUM_HORA_FIN, NUM_MINU_FIN, ID_DIA_SEM) VALUES ('56', '15', '30', '15', '59', '3');
INSERT INTO BLOQUE (NUM_BLOQUE, NUM_HORA_INI, NUM_MINU_INI, NUM_HORA_FIN, NUM_MINU_FIN, ID_DIA_SEM) VALUES ('57', '16', '0', '16', '29', '3');
INSERT INTO BLOQUE (NUM_BLOQUE, NUM_HORA_INI, NUM_MINU_INI, NUM_HORA_FIN, NUM_MINU_FIN, ID_DIA_SEM) VALUES ('58', '16', '30', '16', '59', '3');
INSERT INTO BLOQUE (NUM_BLOQUE, NUM_HORA_INI, NUM_MINU_INI, NUM_HORA_FIN, NUM_MINU_FIN, ID_DIA_SEM) VALUES ('59', '17', '0', '17', '29', '3');
INSERT INTO BLOQUE (NUM_BLOQUE, NUM_HORA_INI, NUM_MINU_INI, NUM_HORA_FIN, NUM_MINU_FIN, ID_DIA_SEM) VALUES ('60', '17', '30', '17', '59', '3');
INSERT INTO BLOQUE (NUM_BLOQUE, NUM_HORA_INI, NUM_MINU_INI, NUM_HORA_FIN, NUM_MINU_FIN, ID_DIA_SEM) VALUES ('61', '8', '0', '8', '29', '4');
INSERT INTO BLOQUE (NUM_BLOQUE, NUM_HORA_INI, NUM_MINU_INI, NUM_HORA_FIN, NUM_MINU_FIN, ID_DIA_SEM) VALUES ('62', '8', '30', '8', '59', '4');
INSERT INTO BLOQUE (NUM_BLOQUE, NUM_HORA_INI, NUM_MINU_INI, NUM_HORA_FIN, NUM_MINU_FIN, ID_DIA_SEM) VALUES ('63', '9', '0', '9', '29', '4');
INSERT INTO BLOQUE (NUM_BLOQUE, NUM_HORA_INI, NUM_MINU_INI, NUM_HORA_FIN, NUM_MINU_FIN, ID_DIA_SEM) VALUES ('64', '9', '30', '9', '59', '4');
INSERT INTO BLOQUE (NUM_BLOQUE, NUM_HORA_INI, NUM_MINU_INI, NUM_HORA_FIN, NUM_MINU_FIN, ID_DIA_SEM) VALUES ('65', '10', '0', '10', '29', '4');
INSERT INTO BLOQUE (NUM_BLOQUE, NUM_HORA_INI, NUM_MINU_INI, NUM_HORA_FIN, NUM_MINU_FIN, ID_DIA_SEM) VALUES ('66', '10', '30', '10', '59', '4');
INSERT INTO BLOQUE (NUM_BLOQUE, NUM_HORA_INI, NUM_MINU_INI, NUM_HORA_FIN, NUM_MINU_FIN, ID_DIA_SEM) VALUES ('67', '11', '0', '11', '29', '4');
INSERT INTO BLOQUE (NUM_BLOQUE, NUM_HORA_INI, NUM_MINU_INI, NUM_HORA_FIN, NUM_MINU_FIN, ID_DIA_SEM) VALUES ('68', '11', '30', '11', '59', '4');
INSERT INTO BLOQUE (NUM_BLOQUE, NUM_HORA_INI, NUM_MINU_INI, NUM_HORA_FIN, NUM_MINU_FIN, ID_DIA_SEM) VALUES ('69', '12', '0', '12', '29', '4');
INSERT INTO BLOQUE (NUM_BLOQUE, NUM_HORA_INI, NUM_MINU_INI, NUM_HORA_FIN, NUM_MINU_FIN, ID_DIA_SEM) VALUES ('70', '12', '30', '12', '59', '4');
INSERT INTO BLOQUE (NUM_BLOQUE, NUM_HORA_INI, NUM_MINU_INI, NUM_HORA_FIN, NUM_MINU_FIN, ID_DIA_SEM) VALUES ('71', '13', '0', '13', '29', '4');
INSERT INTO BLOQUE (NUM_BLOQUE, NUM_HORA_INI, NUM_MINU_INI, NUM_HORA_FIN, NUM_MINU_FIN, ID_DIA_SEM) VALUES ('72', '13', '30', '13', '59', '4');
INSERT INTO BLOQUE (NUM_BLOQUE, NUM_HORA_INI, NUM_MINU_INI, NUM_HORA_FIN, NUM_MINU_FIN, ID_DIA_SEM) VALUES ('73', '14', '0', '14', '29', '4');
INSERT INTO BLOQUE (NUM_BLOQUE, NUM_HORA_INI, NUM_MINU_INI, NUM_HORA_FIN, NUM_MINU_FIN, ID_DIA_SEM) VALUES ('74', '14', '30', '14', '59', '4');
INSERT INTO BLOQUE (NUM_BLOQUE, NUM_HORA_INI, NUM_MINU_INI, NUM_HORA_FIN, NUM_MINU_FIN, ID_DIA_SEM) VALUES ('75', '15', '0', '15', '29', '4');
INSERT INTO BLOQUE (NUM_BLOQUE, NUM_HORA_INI, NUM_MINU_INI, NUM_HORA_FIN, NUM_MINU_FIN, ID_DIA_SEM) VALUES ('76', '15', '30', '15', '59', '4');
INSERT INTO BLOQUE (NUM_BLOQUE, NUM_HORA_INI, NUM_MINU_INI, NUM_HORA_FIN, NUM_MINU_FIN, ID_DIA_SEM) VALUES ('77', '16', '0', '16', '29', '4');
INSERT INTO BLOQUE (NUM_BLOQUE, NUM_HORA_INI, NUM_MINU_INI, NUM_HORA_FIN, NUM_MINU_FIN, ID_DIA_SEM) VALUES ('78', '16', '30', '16', '59', '4');
INSERT INTO BLOQUE (NUM_BLOQUE, NUM_HORA_INI, NUM_MINU_INI, NUM_HORA_FIN, NUM_MINU_FIN, ID_DIA_SEM) VALUES ('79', '17', '0', '17', '29', '4');
INSERT INTO BLOQUE (NUM_BLOQUE, NUM_HORA_INI, NUM_MINU_INI, NUM_HORA_FIN, NUM_MINU_FIN, ID_DIA_SEM) VALUES ('80', '17', '30', '17', '59', '4');
INSERT INTO BLOQUE (NUM_BLOQUE, NUM_HORA_INI, NUM_MINU_INI, NUM_HORA_FIN, NUM_MINU_FIN, ID_DIA_SEM) VALUES ('81', '8', '0', '8', '29', '5');
INSERT INTO BLOQUE (NUM_BLOQUE, NUM_HORA_INI, NUM_MINU_INI, NUM_HORA_FIN, NUM_MINU_FIN, ID_DIA_SEM) VALUES ('82', '8', '30', '8', '59', '5');
INSERT INTO BLOQUE (NUM_BLOQUE, NUM_HORA_INI, NUM_MINU_INI, NUM_HORA_FIN, NUM_MINU_FIN, ID_DIA_SEM) VALUES ('83', '9', '0', '9', '29', '5');
INSERT INTO BLOQUE (NUM_BLOQUE, NUM_HORA_INI, NUM_MINU_INI, NUM_HORA_FIN, NUM_MINU_FIN, ID_DIA_SEM) VALUES ('84', '9', '30', '9', '59', '5');
INSERT INTO BLOQUE (NUM_BLOQUE, NUM_HORA_INI, NUM_MINU_INI, NUM_HORA_FIN, NUM_MINU_FIN, ID_DIA_SEM) VALUES ('85', '10', '0', '10', '29', '5');
INSERT INTO BLOQUE (NUM_BLOQUE, NUM_HORA_INI, NUM_MINU_INI, NUM_HORA_FIN, NUM_MINU_FIN, ID_DIA_SEM) VALUES ('86', '10', '30', '10', '59', '5');
INSERT INTO BLOQUE (NUM_BLOQUE, NUM_HORA_INI, NUM_MINU_INI, NUM_HORA_FIN, NUM_MINU_FIN, ID_DIA_SEM) VALUES ('87', '11', '0', '11', '29', '5');
INSERT INTO BLOQUE (NUM_BLOQUE, NUM_HORA_INI, NUM_MINU_INI, NUM_HORA_FIN, NUM_MINU_FIN, ID_DIA_SEM) VALUES ('88', '11', '30', '11', '59', '5');
INSERT INTO BLOQUE (NUM_BLOQUE, NUM_HORA_INI, NUM_MINU_INI, NUM_HORA_FIN, NUM_MINU_FIN, ID_DIA_SEM) VALUES ('89', '12', '0', '12', '29', '5');
INSERT INTO BLOQUE (NUM_BLOQUE, NUM_HORA_INI, NUM_MINU_INI, NUM_HORA_FIN, NUM_MINU_FIN, ID_DIA_SEM) VALUES ('90', '12', '30', '12', '59', '5');
INSERT INTO BLOQUE (NUM_BLOQUE, NUM_HORA_INI, NUM_MINU_INI, NUM_HORA_FIN, NUM_MINU_FIN, ID_DIA_SEM) VALUES ('91', '13', '0', '13', '29', '5');
INSERT INTO BLOQUE (NUM_BLOQUE, NUM_HORA_INI, NUM_MINU_INI, NUM_HORA_FIN, NUM_MINU_FIN, ID_DIA_SEM) VALUES ('92', '13', '30', '13', '59', '5');
INSERT INTO BLOQUE (NUM_BLOQUE, NUM_HORA_INI, NUM_MINU_INI, NUM_HORA_FIN, NUM_MINU_FIN, ID_DIA_SEM) VALUES ('93', '14', '0', '14', '29', '5');
INSERT INTO BLOQUE (NUM_BLOQUE, NUM_HORA_INI, NUM_MINU_INI, NUM_HORA_FIN, NUM_MINU_FIN, ID_DIA_SEM) VALUES ('94', '14', '30', '14', '59', '5');
INSERT INTO BLOQUE (NUM_BLOQUE, NUM_HORA_INI, NUM_MINU_INI, NUM_HORA_FIN, NUM_MINU_FIN, ID_DIA_SEM) VALUES ('95', '15', '0', '15', '29', '5');
INSERT INTO BLOQUE (NUM_BLOQUE, NUM_HORA_INI, NUM_MINU_INI, NUM_HORA_FIN, NUM_MINU_FIN, ID_DIA_SEM) VALUES ('96', '15', '30', '15', '59', '5');
INSERT INTO BLOQUE (NUM_BLOQUE, NUM_HORA_INI, NUM_MINU_INI, NUM_HORA_FIN, NUM_MINU_FIN, ID_DIA_SEM) VALUES ('97', '16', '0', '16', '29', '5');
INSERT INTO BLOQUE (NUM_BLOQUE, NUM_HORA_INI, NUM_MINU_INI, NUM_HORA_FIN, NUM_MINU_FIN, ID_DIA_SEM) VALUES ('98', '16', '30', '16', '59', '5');
INSERT INTO BLOQUE (NUM_BLOQUE, NUM_HORA_INI, NUM_MINU_INI, NUM_HORA_FIN, NUM_MINU_FIN, ID_DIA_SEM) VALUES ('99', '17', '0', '17', '29', '5');
INSERT INTO BLOQUE (NUM_BLOQUE, NUM_HORA_INI, NUM_MINU_INI, NUM_HORA_FIN, NUM_MINU_FIN, ID_DIA_SEM) VALUES ('100', '17', '30', '17', '59', '5');

INSERT INTO HORARIO (ID_BLOQUE, ID_PERS_MEDICO) VALUES ('1', '1');
INSERT INTO HORARIO (ID_BLOQUE, ID_PERS_MEDICO) VALUES ('2', '1');
INSERT INTO HORARIO (ID_BLOQUE, ID_PERS_MEDICO) VALUES ('3', '1');
INSERT INTO HORARIO (ID_BLOQUE, ID_PERS_MEDICO) VALUES ('4', '1');
INSERT INTO HORARIO (ID_BLOQUE, ID_PERS_MEDICO) VALUES ('5', '1');
INSERT INTO HORARIO (ID_BLOQUE, ID_PERS_MEDICO) VALUES ('6', '1');
INSERT INTO HORARIO (ID_BLOQUE, ID_PERS_MEDICO) VALUES ('7', '1');
INSERT INTO HORARIO (ID_BLOQUE, ID_PERS_MEDICO) VALUES ('8', '1');
INSERT INTO HORARIO (ID_BLOQUE, ID_PERS_MEDICO) VALUES ('9', '1');
INSERT INTO HORARIO (ID_BLOQUE, ID_PERS_MEDICO) VALUES ('10', '1');
INSERT INTO HORARIO (ID_BLOQUE, ID_PERS_MEDICO) VALUES ('11', '1');
INSERT INTO HORARIO (ID_BLOQUE, ID_PERS_MEDICO) VALUES ('12', '1');
INSERT INTO HORARIO (ID_BLOQUE, ID_PERS_MEDICO) VALUES ('13', '1');
INSERT INTO HORARIO (ID_BLOQUE, ID_PERS_MEDICO) VALUES ('14', '1');
INSERT INTO HORARIO (ID_BLOQUE, ID_PERS_MEDICO) VALUES ('15', '1');
INSERT INTO HORARIO (ID_BLOQUE, ID_PERS_MEDICO) VALUES ('16', '1');
INSERT INTO HORARIO (ID_BLOQUE, ID_PERS_MEDICO) VALUES ('17', '1');
INSERT INTO HORARIO (ID_BLOQUE, ID_PERS_MEDICO) VALUES ('18', '1');
INSERT INTO HORARIO (ID_BLOQUE, ID_PERS_MEDICO) VALUES ('19', '1');
INSERT INTO HORARIO (ID_BLOQUE, ID_PERS_MEDICO) VALUES ('20', '1');
INSERT INTO HORARIO (ID_BLOQUE, ID_PERS_MEDICO) VALUES ('21', '1');
INSERT INTO HORARIO (ID_BLOQUE, ID_PERS_MEDICO) VALUES ('22', '1');
INSERT INTO HORARIO (ID_BLOQUE, ID_PERS_MEDICO) VALUES ('23', '1');
INSERT INTO HORARIO (ID_BLOQUE, ID_PERS_MEDICO) VALUES ('24', '1');
INSERT INTO HORARIO (ID_BLOQUE, ID_PERS_MEDICO) VALUES ('25', '1');
INSERT INTO HORARIO (ID_BLOQUE, ID_PERS_MEDICO) VALUES ('26', '1');
INSERT INTO HORARIO (ID_BLOQUE, ID_PERS_MEDICO) VALUES ('27', '1');
INSERT INTO HORARIO (ID_BLOQUE, ID_PERS_MEDICO) VALUES ('28', '1');
INSERT INTO HORARIO (ID_BLOQUE, ID_PERS_MEDICO) VALUES ('29', '1');
INSERT INTO HORARIO (ID_BLOQUE, ID_PERS_MEDICO) VALUES ('29', '1');
INSERT INTO HORARIO (ID_BLOQUE, ID_PERS_MEDICO) VALUES ('30', '1');
INSERT INTO HORARIO (ID_BLOQUE, ID_PERS_MEDICO) VALUES ('32', '1');
INSERT INTO HORARIO (ID_BLOQUE, ID_PERS_MEDICO) VALUES ('33', '1');
INSERT INTO HORARIO (ID_BLOQUE, ID_PERS_MEDICO) VALUES ('34', '1');
INSERT INTO HORARIO (ID_BLOQUE, ID_PERS_MEDICO) VALUES ('35', '1');
INSERT INTO HORARIO (ID_BLOQUE, ID_PERS_MEDICO) VALUES ('36', '1');
INSERT INTO HORARIO (ID_BLOQUE, ID_PERS_MEDICO) VALUES ('37', '1');
INSERT INTO HORARIO (ID_BLOQUE, ID_PERS_MEDICO) VALUES ('38', '1');
INSERT INTO HORARIO (ID_BLOQUE, ID_PERS_MEDICO) VALUES ('39', '1');
INSERT INTO HORARIO (ID_BLOQUE, ID_PERS_MEDICO) VALUES ('40', '1');
INSERT INTO HORARIO (ID_BLOQUE, ID_PERS_MEDICO) VALUES ('41', '1');
INSERT INTO HORARIO (ID_BLOQUE, ID_PERS_MEDICO) VALUES ('42', '1');
INSERT INTO HORARIO (ID_BLOQUE, ID_PERS_MEDICO) VALUES ('43', '1');
INSERT INTO HORARIO (ID_BLOQUE, ID_PERS_MEDICO) VALUES ('44', '1');
INSERT INTO HORARIO (ID_BLOQUE, ID_PERS_MEDICO) VALUES ('45', '1');
INSERT INTO HORARIO (ID_BLOQUE, ID_PERS_MEDICO) VALUES ('46', '1');
INSERT INTO HORARIO (ID_BLOQUE, ID_PERS_MEDICO) VALUES ('47', '1');
INSERT INTO HORARIO (ID_BLOQUE, ID_PERS_MEDICO) VALUES ('48', '1');
INSERT INTO HORARIO (ID_BLOQUE, ID_PERS_MEDICO) VALUES ('49', '1');
INSERT INTO HORARIO (ID_BLOQUE, ID_PERS_MEDICO) VALUES ('50', '1');
INSERT INTO HORARIO (ID_BLOQUE, ID_PERS_MEDICO) VALUES ('51', '1');
INSERT INTO HORARIO (ID_BLOQUE, ID_PERS_MEDICO) VALUES ('52', '1');
INSERT INTO HORARIO (ID_BLOQUE, ID_PERS_MEDICO) VALUES ('53', '1');
INSERT INTO HORARIO (ID_BLOQUE, ID_PERS_MEDICO) VALUES ('54', '1');
INSERT INTO HORARIO (ID_BLOQUE, ID_PERS_MEDICO) VALUES ('55', '1');
INSERT INTO HORARIO (ID_BLOQUE, ID_PERS_MEDICO) VALUES ('56', '1');
INSERT INTO HORARIO (ID_BLOQUE, ID_PERS_MEDICO) VALUES ('57', '1');
INSERT INTO HORARIO (ID_BLOQUE, ID_PERS_MEDICO) VALUES ('58', '1');
INSERT INTO HORARIO (ID_BLOQUE, ID_PERS_MEDICO) VALUES ('59', '1');
INSERT INTO HORARIO (ID_BLOQUE, ID_PERS_MEDICO) VALUES ('60', '1');
INSERT INTO HORARIO (ID_BLOQUE, ID_PERS_MEDICO) VALUES ('61', '1');
INSERT INTO HORARIO (ID_BLOQUE, ID_PERS_MEDICO) VALUES ('62', '1');
INSERT INTO HORARIO (ID_BLOQUE, ID_PERS_MEDICO) VALUES ('63', '1');
INSERT INTO HORARIO (ID_BLOQUE, ID_PERS_MEDICO) VALUES ('64', '1');
INSERT INTO HORARIO (ID_BLOQUE, ID_PERS_MEDICO) VALUES ('65', '1');
INSERT INTO HORARIO (ID_BLOQUE, ID_PERS_MEDICO) VALUES ('66', '1');
INSERT INTO HORARIO (ID_BLOQUE, ID_PERS_MEDICO) VALUES ('67', '1');
INSERT INTO HORARIO (ID_BLOQUE, ID_PERS_MEDICO) VALUES ('68', '1');
INSERT INTO HORARIO (ID_BLOQUE, ID_PERS_MEDICO) VALUES ('69', '1');
INSERT INTO HORARIO (ID_BLOQUE, ID_PERS_MEDICO) VALUES ('70', '1');
INSERT INTO HORARIO (ID_BLOQUE, ID_PERS_MEDICO) VALUES ('71', '1');
INSERT INTO HORARIO (ID_BLOQUE, ID_PERS_MEDICO) VALUES ('72', '1');
INSERT INTO HORARIO (ID_BLOQUE, ID_PERS_MEDICO) VALUES ('73', '1');
INSERT INTO HORARIO (ID_BLOQUE, ID_PERS_MEDICO) VALUES ('74', '1');
INSERT INTO HORARIO (ID_BLOQUE, ID_PERS_MEDICO) VALUES ('75', '1');
INSERT INTO HORARIO (ID_BLOQUE, ID_PERS_MEDICO) VALUES ('76', '1');
INSERT INTO HORARIO (ID_BLOQUE, ID_PERS_MEDICO) VALUES ('77', '1');
INSERT INTO HORARIO (ID_BLOQUE, ID_PERS_MEDICO) VALUES ('78', '1');
INSERT INTO HORARIO (ID_BLOQUE, ID_PERS_MEDICO) VALUES ('79', '1');
INSERT INTO HORARIO (ID_BLOQUE, ID_PERS_MEDICO) VALUES ('80', '1');
INSERT INTO HORARIO (ID_BLOQUE, ID_PERS_MEDICO) VALUES ('81', '1');
INSERT INTO HORARIO (ID_BLOQUE, ID_PERS_MEDICO) VALUES ('82', '1');
INSERT INTO HORARIO (ID_BLOQUE, ID_PERS_MEDICO) VALUES ('83', '1');
INSERT INTO HORARIO (ID_BLOQUE, ID_PERS_MEDICO) VALUES ('84', '1');
INSERT INTO HORARIO (ID_BLOQUE, ID_PERS_MEDICO) VALUES ('85', '1');
INSERT INTO HORARIO (ID_BLOQUE, ID_PERS_MEDICO) VALUES ('86', '1');
INSERT INTO HORARIO (ID_BLOQUE, ID_PERS_MEDICO) VALUES ('87', '1');
INSERT INTO HORARIO (ID_BLOQUE, ID_PERS_MEDICO) VALUES ('88', '1');
INSERT INTO HORARIO (ID_BLOQUE, ID_PERS_MEDICO) VALUES ('89', '1');
INSERT INTO HORARIO (ID_BLOQUE, ID_PERS_MEDICO) VALUES ('90', '1');
INSERT INTO HORARIO (ID_BLOQUE, ID_PERS_MEDICO) VALUES ('91', '1');
INSERT INTO HORARIO (ID_BLOQUE, ID_PERS_MEDICO) VALUES ('92', '1');
INSERT INTO HORARIO (ID_BLOQUE, ID_PERS_MEDICO) VALUES ('93', '1');
INSERT INTO HORARIO (ID_BLOQUE, ID_PERS_MEDICO) VALUES ('94', '1');
INSERT INTO HORARIO (ID_BLOQUE, ID_PERS_MEDICO) VALUES ('95', '1');
INSERT INTO HORARIO (ID_BLOQUE, ID_PERS_MEDICO) VALUES ('96', '1');
INSERT INTO HORARIO (ID_BLOQUE, ID_PERS_MEDICO) VALUES ('97', '1');
INSERT INTO HORARIO (ID_BLOQUE, ID_PERS_MEDICO) VALUES ('98', '1');
INSERT INTO HORARIO (ID_BLOQUE, ID_PERS_MEDICO) VALUES ('99', '1');
INSERT INTO HORARIO (ID_BLOQUE, ID_PERS_MEDICO) VALUES ('100', '1');
INSERT INTO HORARIO (ID_BLOQUE, ID_PERS_MEDICO) VALUES ('1', '2');
INSERT INTO HORARIO (ID_BLOQUE, ID_PERS_MEDICO) VALUES ('2', '2');
INSERT INTO HORARIO (ID_BLOQUE, ID_PERS_MEDICO) VALUES ('3', '2');
INSERT INTO HORARIO (ID_BLOQUE, ID_PERS_MEDICO) VALUES ('4', '2');
INSERT INTO HORARIO (ID_BLOQUE, ID_PERS_MEDICO) VALUES ('5', '2');
INSERT INTO HORARIO (ID_BLOQUE, ID_PERS_MEDICO) VALUES ('6', '2');
INSERT INTO HORARIO (ID_BLOQUE, ID_PERS_MEDICO) VALUES ('7', '2');
INSERT INTO HORARIO (ID_BLOQUE, ID_PERS_MEDICO) VALUES ('8', '2');
INSERT INTO HORARIO (ID_BLOQUE, ID_PERS_MEDICO) VALUES ('9', '2');
INSERT INTO HORARIO (ID_BLOQUE, ID_PERS_MEDICO) VALUES ('10', '2');
INSERT INTO HORARIO (ID_BLOQUE, ID_PERS_MEDICO) VALUES ('11', '2');
INSERT INTO HORARIO (ID_BLOQUE, ID_PERS_MEDICO) VALUES ('12', '2');
INSERT INTO HORARIO (ID_BLOQUE, ID_PERS_MEDICO) VALUES ('13', '2');
INSERT INTO HORARIO (ID_BLOQUE, ID_PERS_MEDICO) VALUES ('14', '2');
INSERT INTO HORARIO (ID_BLOQUE, ID_PERS_MEDICO) VALUES ('15', '2');
INSERT INTO HORARIO (ID_BLOQUE, ID_PERS_MEDICO) VALUES ('16', '2');
INSERT INTO HORARIO (ID_BLOQUE, ID_PERS_MEDICO) VALUES ('17', '2');
INSERT INTO HORARIO (ID_BLOQUE, ID_PERS_MEDICO) VALUES ('18', '2');
INSERT INTO HORARIO (ID_BLOQUE, ID_PERS_MEDICO) VALUES ('19', '2');
INSERT INTO HORARIO (ID_BLOQUE, ID_PERS_MEDICO) VALUES ('20', '2');
INSERT INTO HORARIO (ID_BLOQUE, ID_PERS_MEDICO) VALUES ('21', '2');
INSERT INTO HORARIO (ID_BLOQUE, ID_PERS_MEDICO) VALUES ('22', '2');
INSERT INTO HORARIO (ID_BLOQUE, ID_PERS_MEDICO) VALUES ('23', '2');
INSERT INTO HORARIO (ID_BLOQUE, ID_PERS_MEDICO) VALUES ('24', '2');
INSERT INTO HORARIO (ID_BLOQUE, ID_PERS_MEDICO) VALUES ('25', '2');
INSERT INTO HORARIO (ID_BLOQUE, ID_PERS_MEDICO) VALUES ('26', '2');
INSERT INTO HORARIO (ID_BLOQUE, ID_PERS_MEDICO) VALUES ('27', '2');
INSERT INTO HORARIO (ID_BLOQUE, ID_PERS_MEDICO) VALUES ('28', '2');
INSERT INTO HORARIO (ID_BLOQUE, ID_PERS_MEDICO) VALUES ('29', '2');
INSERT INTO HORARIO (ID_BLOQUE, ID_PERS_MEDICO) VALUES ('29', '2');
INSERT INTO HORARIO (ID_BLOQUE, ID_PERS_MEDICO) VALUES ('30', '2');
INSERT INTO HORARIO (ID_BLOQUE, ID_PERS_MEDICO) VALUES ('32', '2');
INSERT INTO HORARIO (ID_BLOQUE, ID_PERS_MEDICO) VALUES ('33', '2');
INSERT INTO HORARIO (ID_BLOQUE, ID_PERS_MEDICO) VALUES ('34', '2');
INSERT INTO HORARIO (ID_BLOQUE, ID_PERS_MEDICO) VALUES ('35', '2');
INSERT INTO HORARIO (ID_BLOQUE, ID_PERS_MEDICO) VALUES ('36', '2');
INSERT INTO HORARIO (ID_BLOQUE, ID_PERS_MEDICO) VALUES ('37', '2');
INSERT INTO HORARIO (ID_BLOQUE, ID_PERS_MEDICO) VALUES ('38', '2');
INSERT INTO HORARIO (ID_BLOQUE, ID_PERS_MEDICO) VALUES ('39', '2');
INSERT INTO HORARIO (ID_BLOQUE, ID_PERS_MEDICO) VALUES ('40', '2');
INSERT INTO HORARIO (ID_BLOQUE, ID_PERS_MEDICO) VALUES ('41', '2');
INSERT INTO HORARIO (ID_BLOQUE, ID_PERS_MEDICO) VALUES ('42', '2');
INSERT INTO HORARIO (ID_BLOQUE, ID_PERS_MEDICO) VALUES ('43', '2');
INSERT INTO HORARIO (ID_BLOQUE, ID_PERS_MEDICO) VALUES ('44', '2');
INSERT INTO HORARIO (ID_BLOQUE, ID_PERS_MEDICO) VALUES ('45', '2');
INSERT INTO HORARIO (ID_BLOQUE, ID_PERS_MEDICO) VALUES ('46', '2');
INSERT INTO HORARIO (ID_BLOQUE, ID_PERS_MEDICO) VALUES ('47', '2');
INSERT INTO HORARIO (ID_BLOQUE, ID_PERS_MEDICO) VALUES ('48', '2');
INSERT INTO HORARIO (ID_BLOQUE, ID_PERS_MEDICO) VALUES ('49', '2');
INSERT INTO HORARIO (ID_BLOQUE, ID_PERS_MEDICO) VALUES ('50', '2');
INSERT INTO HORARIO (ID_BLOQUE, ID_PERS_MEDICO) VALUES ('51', '2');
INSERT INTO HORARIO (ID_BLOQUE, ID_PERS_MEDICO) VALUES ('52', '2');
INSERT INTO HORARIO (ID_BLOQUE, ID_PERS_MEDICO) VALUES ('53', '2');
INSERT INTO HORARIO (ID_BLOQUE, ID_PERS_MEDICO) VALUES ('54', '2');
INSERT INTO HORARIO (ID_BLOQUE, ID_PERS_MEDICO) VALUES ('55', '2');
INSERT INTO HORARIO (ID_BLOQUE, ID_PERS_MEDICO) VALUES ('56', '2');
INSERT INTO HORARIO (ID_BLOQUE, ID_PERS_MEDICO) VALUES ('57', '2');
INSERT INTO HORARIO (ID_BLOQUE, ID_PERS_MEDICO) VALUES ('58', '2');
INSERT INTO HORARIO (ID_BLOQUE, ID_PERS_MEDICO) VALUES ('59', '2');
INSERT INTO HORARIO (ID_BLOQUE, ID_PERS_MEDICO) VALUES ('60', '2');
INSERT INTO HORARIO (ID_BLOQUE, ID_PERS_MEDICO) VALUES ('61', '2');
INSERT INTO HORARIO (ID_BLOQUE, ID_PERS_MEDICO) VALUES ('62', '2');
INSERT INTO HORARIO (ID_BLOQUE, ID_PERS_MEDICO) VALUES ('63', '2');
INSERT INTO HORARIO (ID_BLOQUE, ID_PERS_MEDICO) VALUES ('64', '2');
INSERT INTO HORARIO (ID_BLOQUE, ID_PERS_MEDICO) VALUES ('65', '2');
INSERT INTO HORARIO (ID_BLOQUE, ID_PERS_MEDICO) VALUES ('66', '2');
INSERT INTO HORARIO (ID_BLOQUE, ID_PERS_MEDICO) VALUES ('67', '2');
INSERT INTO HORARIO (ID_BLOQUE, ID_PERS_MEDICO) VALUES ('68', '2');
INSERT INTO HORARIO (ID_BLOQUE, ID_PERS_MEDICO) VALUES ('69', '2');
INSERT INTO HORARIO (ID_BLOQUE, ID_PERS_MEDICO) VALUES ('70', '2');
INSERT INTO HORARIO (ID_BLOQUE, ID_PERS_MEDICO) VALUES ('71', '2');
INSERT INTO HORARIO (ID_BLOQUE, ID_PERS_MEDICO) VALUES ('72', '2');
INSERT INTO HORARIO (ID_BLOQUE, ID_PERS_MEDICO) VALUES ('73', '2');
INSERT INTO HORARIO (ID_BLOQUE, ID_PERS_MEDICO) VALUES ('74', '2');
INSERT INTO HORARIO (ID_BLOQUE, ID_PERS_MEDICO) VALUES ('75', '2');
INSERT INTO HORARIO (ID_BLOQUE, ID_PERS_MEDICO) VALUES ('76', '2');
INSERT INTO HORARIO (ID_BLOQUE, ID_PERS_MEDICO) VALUES ('77', '2');
INSERT INTO HORARIO (ID_BLOQUE, ID_PERS_MEDICO) VALUES ('78', '2');
INSERT INTO HORARIO (ID_BLOQUE, ID_PERS_MEDICO) VALUES ('79', '2');
INSERT INTO HORARIO (ID_BLOQUE, ID_PERS_MEDICO) VALUES ('80', '2');
INSERT INTO HORARIO (ID_BLOQUE, ID_PERS_MEDICO) VALUES ('81', '2');
INSERT INTO HORARIO (ID_BLOQUE, ID_PERS_MEDICO) VALUES ('82', '2');
INSERT INTO HORARIO (ID_BLOQUE, ID_PERS_MEDICO) VALUES ('83', '2');
INSERT INTO HORARIO (ID_BLOQUE, ID_PERS_MEDICO) VALUES ('84', '2');
INSERT INTO HORARIO (ID_BLOQUE, ID_PERS_MEDICO) VALUES ('85', '2');
INSERT INTO HORARIO (ID_BLOQUE, ID_PERS_MEDICO) VALUES ('86', '2');
INSERT INTO HORARIO (ID_BLOQUE, ID_PERS_MEDICO) VALUES ('87', '2');
INSERT INTO HORARIO (ID_BLOQUE, ID_PERS_MEDICO) VALUES ('88', '2');
INSERT INTO HORARIO (ID_BLOQUE, ID_PERS_MEDICO) VALUES ('89', '2');
INSERT INTO HORARIO (ID_BLOQUE, ID_PERS_MEDICO) VALUES ('90', '2');
INSERT INTO HORARIO (ID_BLOQUE, ID_PERS_MEDICO) VALUES ('91', '2');
INSERT INTO HORARIO (ID_BLOQUE, ID_PERS_MEDICO) VALUES ('92', '2');
INSERT INTO HORARIO (ID_BLOQUE, ID_PERS_MEDICO) VALUES ('93', '2');
INSERT INTO HORARIO (ID_BLOQUE, ID_PERS_MEDICO) VALUES ('94', '2');
INSERT INTO HORARIO (ID_BLOQUE, ID_PERS_MEDICO) VALUES ('95', '2');
INSERT INTO HORARIO (ID_BLOQUE, ID_PERS_MEDICO) VALUES ('96', '2');
INSERT INTO HORARIO (ID_BLOQUE, ID_PERS_MEDICO) VALUES ('97', '2');
INSERT INTO HORARIO (ID_BLOQUE, ID_PERS_MEDICO) VALUES ('98', '2');
INSERT INTO HORARIO (ID_BLOQUE, ID_PERS_MEDICO) VALUES ('99', '2');
INSERT INTO HORARIO (ID_BLOQUE, ID_PERS_MEDICO) VALUES ('100', '2');
INSERT INTO HORARIO (ID_BLOQUE, ID_PERS_MEDICO) VALUES ('1', '3');
INSERT INTO HORARIO (ID_BLOQUE, ID_PERS_MEDICO) VALUES ('2', '3');
INSERT INTO HORARIO (ID_BLOQUE, ID_PERS_MEDICO) VALUES ('3', '3');
INSERT INTO HORARIO (ID_BLOQUE, ID_PERS_MEDICO) VALUES ('4', '3');
INSERT INTO HORARIO (ID_BLOQUE, ID_PERS_MEDICO) VALUES ('5', '3');
INSERT INTO HORARIO (ID_BLOQUE, ID_PERS_MEDICO) VALUES ('6', '3');
INSERT INTO HORARIO (ID_BLOQUE, ID_PERS_MEDICO) VALUES ('7', '3');
INSERT INTO HORARIO (ID_BLOQUE, ID_PERS_MEDICO) VALUES ('8', '3');
INSERT INTO HORARIO (ID_BLOQUE, ID_PERS_MEDICO) VALUES ('9', '3');
INSERT INTO HORARIO (ID_BLOQUE, ID_PERS_MEDICO) VALUES ('10', '3');
INSERT INTO HORARIO (ID_BLOQUE, ID_PERS_MEDICO) VALUES ('11', '3');
INSERT INTO HORARIO (ID_BLOQUE, ID_PERS_MEDICO) VALUES ('12', '3');
INSERT INTO HORARIO (ID_BLOQUE, ID_PERS_MEDICO) VALUES ('13', '3');
INSERT INTO HORARIO (ID_BLOQUE, ID_PERS_MEDICO) VALUES ('14', '3');
INSERT INTO HORARIO (ID_BLOQUE, ID_PERS_MEDICO) VALUES ('15', '3');
INSERT INTO HORARIO (ID_BLOQUE, ID_PERS_MEDICO) VALUES ('16', '3');
INSERT INTO HORARIO (ID_BLOQUE, ID_PERS_MEDICO) VALUES ('17', '3');
INSERT INTO HORARIO (ID_BLOQUE, ID_PERS_MEDICO) VALUES ('18', '3');
INSERT INTO HORARIO (ID_BLOQUE, ID_PERS_MEDICO) VALUES ('19', '3');
INSERT INTO HORARIO (ID_BLOQUE, ID_PERS_MEDICO) VALUES ('20', '3');
INSERT INTO HORARIO (ID_BLOQUE, ID_PERS_MEDICO) VALUES ('21', '3');
INSERT INTO HORARIO (ID_BLOQUE, ID_PERS_MEDICO) VALUES ('22', '3');
INSERT INTO HORARIO (ID_BLOQUE, ID_PERS_MEDICO) VALUES ('23', '3');
INSERT INTO HORARIO (ID_BLOQUE, ID_PERS_MEDICO) VALUES ('24', '3');
INSERT INTO HORARIO (ID_BLOQUE, ID_PERS_MEDICO) VALUES ('25', '3');
INSERT INTO HORARIO (ID_BLOQUE, ID_PERS_MEDICO) VALUES ('26', '3');
INSERT INTO HORARIO (ID_BLOQUE, ID_PERS_MEDICO) VALUES ('27', '3');
INSERT INTO HORARIO (ID_BLOQUE, ID_PERS_MEDICO) VALUES ('28', '3');
INSERT INTO HORARIO (ID_BLOQUE, ID_PERS_MEDICO) VALUES ('29', '3');
INSERT INTO HORARIO (ID_BLOQUE, ID_PERS_MEDICO) VALUES ('29', '3');
INSERT INTO HORARIO (ID_BLOQUE, ID_PERS_MEDICO) VALUES ('30', '3');
INSERT INTO HORARIO (ID_BLOQUE, ID_PERS_MEDICO) VALUES ('32', '3');
INSERT INTO HORARIO (ID_BLOQUE, ID_PERS_MEDICO) VALUES ('33', '3');
INSERT INTO HORARIO (ID_BLOQUE, ID_PERS_MEDICO) VALUES ('34', '3');
INSERT INTO HORARIO (ID_BLOQUE, ID_PERS_MEDICO) VALUES ('35', '3');
INSERT INTO HORARIO (ID_BLOQUE, ID_PERS_MEDICO) VALUES ('36', '3');
INSERT INTO HORARIO (ID_BLOQUE, ID_PERS_MEDICO) VALUES ('37', '3');
INSERT INTO HORARIO (ID_BLOQUE, ID_PERS_MEDICO) VALUES ('38', '3');
INSERT INTO HORARIO (ID_BLOQUE, ID_PERS_MEDICO) VALUES ('39', '3');
INSERT INTO HORARIO (ID_BLOQUE, ID_PERS_MEDICO) VALUES ('40', '3');
INSERT INTO HORARIO (ID_BLOQUE, ID_PERS_MEDICO) VALUES ('41', '3');
INSERT INTO HORARIO (ID_BLOQUE, ID_PERS_MEDICO) VALUES ('42', '3');
INSERT INTO HORARIO (ID_BLOQUE, ID_PERS_MEDICO) VALUES ('43', '3');
INSERT INTO HORARIO (ID_BLOQUE, ID_PERS_MEDICO) VALUES ('44', '3');
INSERT INTO HORARIO (ID_BLOQUE, ID_PERS_MEDICO) VALUES ('45', '3');
INSERT INTO HORARIO (ID_BLOQUE, ID_PERS_MEDICO) VALUES ('46', '3');
INSERT INTO HORARIO (ID_BLOQUE, ID_PERS_MEDICO) VALUES ('47', '3');
INSERT INTO HORARIO (ID_BLOQUE, ID_PERS_MEDICO) VALUES ('48', '3');
INSERT INTO HORARIO (ID_BLOQUE, ID_PERS_MEDICO) VALUES ('49', '3');
INSERT INTO HORARIO (ID_BLOQUE, ID_PERS_MEDICO) VALUES ('50', '3');
INSERT INTO HORARIO (ID_BLOQUE, ID_PERS_MEDICO) VALUES ('51', '3');
INSERT INTO HORARIO (ID_BLOQUE, ID_PERS_MEDICO) VALUES ('52', '3');
INSERT INTO HORARIO (ID_BLOQUE, ID_PERS_MEDICO) VALUES ('53', '3');
INSERT INTO HORARIO (ID_BLOQUE, ID_PERS_MEDICO) VALUES ('54', '3');
INSERT INTO HORARIO (ID_BLOQUE, ID_PERS_MEDICO) VALUES ('55', '3');
INSERT INTO HORARIO (ID_BLOQUE, ID_PERS_MEDICO) VALUES ('56', '3');
INSERT INTO HORARIO (ID_BLOQUE, ID_PERS_MEDICO) VALUES ('57', '3');
INSERT INTO HORARIO (ID_BLOQUE, ID_PERS_MEDICO) VALUES ('58', '3');
INSERT INTO HORARIO (ID_BLOQUE, ID_PERS_MEDICO) VALUES ('59', '3');
INSERT INTO HORARIO (ID_BLOQUE, ID_PERS_MEDICO) VALUES ('60', '3');
INSERT INTO HORARIO (ID_BLOQUE, ID_PERS_MEDICO) VALUES ('61', '3');
INSERT INTO HORARIO (ID_BLOQUE, ID_PERS_MEDICO) VALUES ('62', '3');
INSERT INTO HORARIO (ID_BLOQUE, ID_PERS_MEDICO) VALUES ('63', '3');
INSERT INTO HORARIO (ID_BLOQUE, ID_PERS_MEDICO) VALUES ('64', '3');
INSERT INTO HORARIO (ID_BLOQUE, ID_PERS_MEDICO) VALUES ('65', '3');
INSERT INTO HORARIO (ID_BLOQUE, ID_PERS_MEDICO) VALUES ('66', '3');
INSERT INTO HORARIO (ID_BLOQUE, ID_PERS_MEDICO) VALUES ('67', '3');
INSERT INTO HORARIO (ID_BLOQUE, ID_PERS_MEDICO) VALUES ('68', '3');
INSERT INTO HORARIO (ID_BLOQUE, ID_PERS_MEDICO) VALUES ('69', '3');
INSERT INTO HORARIO (ID_BLOQUE, ID_PERS_MEDICO) VALUES ('70', '3');
INSERT INTO HORARIO (ID_BLOQUE, ID_PERS_MEDICO) VALUES ('71', '3');
INSERT INTO HORARIO (ID_BLOQUE, ID_PERS_MEDICO) VALUES ('72', '3');
INSERT INTO HORARIO (ID_BLOQUE, ID_PERS_MEDICO) VALUES ('73', '3');
INSERT INTO HORARIO (ID_BLOQUE, ID_PERS_MEDICO) VALUES ('74', '3');
INSERT INTO HORARIO (ID_BLOQUE, ID_PERS_MEDICO) VALUES ('75', '3');
INSERT INTO HORARIO (ID_BLOQUE, ID_PERS_MEDICO) VALUES ('76', '3');
INSERT INTO HORARIO (ID_BLOQUE, ID_PERS_MEDICO) VALUES ('77', '3');
INSERT INTO HORARIO (ID_BLOQUE, ID_PERS_MEDICO) VALUES ('78', '3');
INSERT INTO HORARIO (ID_BLOQUE, ID_PERS_MEDICO) VALUES ('79', '3');
INSERT INTO HORARIO (ID_BLOQUE, ID_PERS_MEDICO) VALUES ('80', '3');
INSERT INTO HORARIO (ID_BLOQUE, ID_PERS_MEDICO) VALUES ('81', '3');
INSERT INTO HORARIO (ID_BLOQUE, ID_PERS_MEDICO) VALUES ('82', '3');
INSERT INTO HORARIO (ID_BLOQUE, ID_PERS_MEDICO) VALUES ('83', '3');
INSERT INTO HORARIO (ID_BLOQUE, ID_PERS_MEDICO) VALUES ('84', '3');
INSERT INTO HORARIO (ID_BLOQUE, ID_PERS_MEDICO) VALUES ('85', '3');
INSERT INTO HORARIO (ID_BLOQUE, ID_PERS_MEDICO) VALUES ('86', '3');
INSERT INTO HORARIO (ID_BLOQUE, ID_PERS_MEDICO) VALUES ('87', '3');
INSERT INTO HORARIO (ID_BLOQUE, ID_PERS_MEDICO) VALUES ('88', '3');
INSERT INTO HORARIO (ID_BLOQUE, ID_PERS_MEDICO) VALUES ('89', '3');
INSERT INTO HORARIO (ID_BLOQUE, ID_PERS_MEDICO) VALUES ('90', '3');
INSERT INTO HORARIO (ID_BLOQUE, ID_PERS_MEDICO) VALUES ('91', '3');
INSERT INTO HORARIO (ID_BLOQUE, ID_PERS_MEDICO) VALUES ('92', '3');
INSERT INTO HORARIO (ID_BLOQUE, ID_PERS_MEDICO) VALUES ('93', '3');
INSERT INTO HORARIO (ID_BLOQUE, ID_PERS_MEDICO) VALUES ('94', '3');
INSERT INTO HORARIO (ID_BLOQUE, ID_PERS_MEDICO) VALUES ('95', '3');
INSERT INTO HORARIO (ID_BLOQUE, ID_PERS_MEDICO) VALUES ('96', '3');
INSERT INTO HORARIO (ID_BLOQUE, ID_PERS_MEDICO) VALUES ('97', '3');
INSERT INTO HORARIO (ID_BLOQUE, ID_PERS_MEDICO) VALUES ('98', '3');
INSERT INTO HORARIO (ID_BLOQUE, ID_PERS_MEDICO) VALUES ('99', '3');
INSERT INTO HORARIO (ID_BLOQUE, ID_PERS_MEDICO) VALUES ('100', '3');
