INSERT INTO CARGO (NOMBRE_CARGO) VALUES ('Operador');
INSERT INTO CARGO (NOMBRE_CARGO) VALUES ('Jefe de operador');

INSERT INTO ASEGURADORA (NOM_ASEGURADORA) VALUES ('Hasad');
INSERT INTO ASEGURADORA (NOM_ASEGURADORA) VALUES ('Wing');
INSERT INTO ASEGURADORA (NOM_ASEGURADORA) VALUES ('Stuart');
INSERT INTO ASEGURADORA (NOM_ASEGURADORA) VALUES ('Reed');
INSERT INTO ASEGURADORA (NOM_ASEGURADORA) VALUES ('Harper');
INSERT INTO ASEGURADORA (NOM_ASEGURADORA) VALUES ('Aubrey');
INSERT INTO ASEGURADORA (NOM_ASEGURADORA) VALUES ('Marshall');
INSERT INTO ASEGURADORA (NOM_ASEGURADORA) VALUES ('Ferris');
INSERT INTO ASEGURADORA (NOM_ASEGURADORA) VALUES ('Eve');
INSERT INTO ASEGURADORA (NOM_ASEGURADORA) VALUES ('Casey');
INSERT INTO ASEGURADORA (NOM_ASEGURADORA) VALUES ('Nelle');
INSERT INTO ASEGURADORA (NOM_ASEGURADORA) VALUES ('Yetta');
INSERT INTO ASEGURADORA (NOM_ASEGURADORA) VALUES ('Jason');
INSERT INTO ASEGURADORA (NOM_ASEGURADORA) VALUES ('Lucian');
INSERT INTO ASEGURADORA (NOM_ASEGURADORA) VALUES ('Mikayla');
INSERT INTO ASEGURADORA (NOM_ASEGURADORA) VALUES ('Ori');
INSERT INTO ASEGURADORA (NOM_ASEGURADORA) VALUES ('Hashim');
INSERT INTO ASEGURADORA (NOM_ASEGURADORA) VALUES ('Maisie');
INSERT INTO ASEGURADORA (NOM_ASEGURADORA) VALUES ('Dennis');
INSERT INTO ASEGURADORA (NOM_ASEGURADORA) VALUES ('Logan');

INSERT INTO DEVOLUCION (NOM_TIPO_DEV) VALUES ('Camille');
INSERT INTO DEVOLUCION (NOM_TIPO_DEV) VALUES ('Nevada');
INSERT INTO DEVOLUCION (NOM_TIPO_DEV) VALUES ('Paula');
INSERT INTO DEVOLUCION (NOM_TIPO_DEV) VALUES ('Jordan');
INSERT INTO DEVOLUCION (NOM_TIPO_DEV) VALUES ('Berk');
INSERT INTO DEVOLUCION (NOM_TIPO_DEV) VALUES ('Mechelle');
INSERT INTO DEVOLUCION (NOM_TIPO_DEV) VALUES ('Ezekiel');
INSERT INTO DEVOLUCION (NOM_TIPO_DEV) VALUES ('Daphne');
INSERT INTO DEVOLUCION (NOM_TIPO_DEV) VALUES ('Ivory');
INSERT INTO DEVOLUCION (NOM_TIPO_DEV) VALUES ('Blythe');
INSERT INTO DEVOLUCION (NOM_TIPO_DEV) VALUES ('Yetta');
INSERT INTO DEVOLUCION (NOM_TIPO_DEV) VALUES ('Omar');
INSERT INTO DEVOLUCION (NOM_TIPO_DEV) VALUES ('Madonna');
INSERT INTO DEVOLUCION (NOM_TIPO_DEV) VALUES ('Stewart');
INSERT INTO DEVOLUCION (NOM_TIPO_DEV) VALUES ('Iona');
INSERT INTO DEVOLUCION (NOM_TIPO_DEV) VALUES ('Macy');
INSERT INTO DEVOLUCION (NOM_TIPO_DEV) VALUES ('Freya');
INSERT INTO DEVOLUCION (NOM_TIPO_DEV) VALUES ('Morgan');
INSERT INTO DEVOLUCION (NOM_TIPO_DEV) VALUES ('Blair');
INSERT INTO DEVOLUCION (NOM_TIPO_DEV) VALUES ('Kennedy');

INSERT INTO ESTADO_ATEN (NOM_ESTADO_ATEN) VALUES ('Lucas');
INSERT INTO ESTADO_ATEN (NOM_ESTADO_ATEN) VALUES ('Keefe');
INSERT INTO ESTADO_ATEN (NOM_ESTADO_ATEN) VALUES ('Quinn');
INSERT INTO ESTADO_ATEN (NOM_ESTADO_ATEN) VALUES ('William');
INSERT INTO ESTADO_ATEN (NOM_ESTADO_ATEN) VALUES ('Ali');
INSERT INTO ESTADO_ATEN (NOM_ESTADO_ATEN) VALUES ('Serena');
INSERT INTO ESTADO_ATEN (NOM_ESTADO_ATEN) VALUES ('Lois');
INSERT INTO ESTADO_ATEN (NOM_ESTADO_ATEN) VALUES ('Germaine');
INSERT INTO ESTADO_ATEN (NOM_ESTADO_ATEN) VALUES ('Liberty');
INSERT INTO ESTADO_ATEN (NOM_ESTADO_ATEN) VALUES ('Ivy');
INSERT INTO ESTADO_ATEN (NOM_ESTADO_ATEN) VALUES ('Kane');
INSERT INTO ESTADO_ATEN (NOM_ESTADO_ATEN) VALUES ('Chiquita');
INSERT INTO ESTADO_ATEN (NOM_ESTADO_ATEN) VALUES ('Amber');
INSERT INTO ESTADO_ATEN (NOM_ESTADO_ATEN) VALUES ('Tanya');
INSERT INTO ESTADO_ATEN (NOM_ESTADO_ATEN) VALUES ('Danielle');
INSERT INTO ESTADO_ATEN (NOM_ESTADO_ATEN) VALUES ('Molly');
INSERT INTO ESTADO_ATEN (NOM_ESTADO_ATEN) VALUES ('Hillary');
INSERT INTO ESTADO_ATEN (NOM_ESTADO_ATEN) VALUES ('Wyoming');
INSERT INTO ESTADO_ATEN (NOM_ESTADO_ATEN) VALUES ('Kristen');
INSERT INTO ESTADO_ATEN (NOM_ESTADO_ATEN) VALUES ('Wallace');

INSERT INTO ORDEN_ANALISIS (FECHOR_EMISION,FECHOR_RECEP) VALUES (TO_DATE('01/28/2016 08:30','MM/DD/YYYY HH24:MI'),NULL);
INSERT INTO ORDEN_ANALISIS (FECHOR_EMISION,FECHOR_RECEP) VALUES (TO_DATE('02/14/2016 08:45','MM/DD/YYYY HH24:MI'),TO_DATE('02/14/2016 10:00','MM/DD/YYYY HH24:MI'));
INSERT INTO ORDEN_ANALISIS (FECHOR_EMISION,FECHOR_RECEP) VALUES (TO_DATE('03/03/2016 08:30','MM/DD/YYYY HH24:MI'),TO_DATE('03/03/2016 10:00','MM/DD/YYYY HH24:MI'));
INSERT INTO ORDEN_ANALISIS (FECHOR_EMISION,FECHOR_RECEP) VALUES (TO_DATE('03/09/2016 08:30','MM/DD/YYYY HH24:MI'),NULL);
INSERT INTO ORDEN_ANALISIS (FECHOR_EMISION,FECHOR_RECEP) VALUES (TO_DATE('03/14/2016 08:30','MM/DD/YYYY HH24:MI'),TO_DATE('03/14/2016 10:00','MM/DD/YYYY HH24:MI'));
INSERT INTO ORDEN_ANALISIS (FECHOR_EMISION,FECHOR_RECEP) VALUES (TO_DATE('04/07/2016 08:30','MM/DD/YYYY HH24:MI'),TO_DATE('04/07/2016 10:00','MM/DD/YYYY HH24:MI'));
INSERT INTO ORDEN_ANALISIS (FECHOR_EMISION,FECHOR_RECEP) VALUES (TO_DATE('04/29/2016 08:30','MM/DD/YYYY HH24:MI'),TO_DATE('04/29/2016 10:00','MM/DD/YYYY HH24:MI'));
INSERT INTO ORDEN_ANALISIS (FECHOR_EMISION,FECHOR_RECEP) VALUES (TO_DATE('05/29/2016 08:30','MM/DD/YYYY HH24:MI'),NULL);
INSERT INTO ORDEN_ANALISIS (FECHOR_EMISION,FECHOR_RECEP) VALUES (TO_DATE('06/28/2016 08:30','MM/DD/YYYY HH24:MI'),TO_DATE('06/28/2016 10:00','MM/DD/YYYY HH24:MI'));
INSERT INTO ORDEN_ANALISIS (FECHOR_EMISION,FECHOR_RECEP) VALUES (TO_DATE('06/30/2016 08:30','MM/DD/YYYY HH24:MI'),NULL);
INSERT INTO ORDEN_ANALISIS (FECHOR_EMISION,FECHOR_RECEP) VALUES (TO_DATE('07/02/2016 08:30','MM/DD/YYYY HH24:MI'),TO_DATE('07/02/2016 10:00','MM/DD/YYYY HH24:MI'));
INSERT INTO ORDEN_ANALISIS (FECHOR_EMISION,FECHOR_RECEP) VALUES (TO_DATE('08/10/2016 08:30','MM/DD/YYYY HH24:MI'),TO_DATE('08/10/2016 10:00','MM/DD/YYYY HH24:MI'));
INSERT INTO ORDEN_ANALISIS (FECHOR_EMISION,FECHOR_RECEP) VALUES (TO_DATE('09/11/2016 08:30','MM/DD/YYYY HH24:MI'),NULL);
INSERT INTO ORDEN_ANALISIS (FECHOR_EMISION,FECHOR_RECEP) VALUES (TO_DATE('10/22/2016 08:30','MM/DD/YYYY HH24:MI'),TO_DATE('10/22/2016 10:00','MM/DD/YYYY HH24:MI'));
INSERT INTO ORDEN_ANALISIS (FECHOR_EMISION,FECHOR_RECEP) VALUES (TO_DATE('10/28/2016 08:30','MM/DD/YYYY HH24:MI'),TO_DATE('10/28/2016 10:00','MM/DD/YYYY HH24:MI'));
INSERT INTO ORDEN_ANALISIS (FECHOR_EMISION,FECHOR_RECEP) VALUES (TO_DATE('10/29/2016 08:30','MM/DD/YYYY HH24:MI'),NULL);
INSERT INTO ORDEN_ANALISIS (FECHOR_EMISION,FECHOR_RECEP) VALUES (TO_DATE('11/02/2016 08:30','MM/DD/YYYY HH24:MI'),TO_DATE('11/02/2016 10:00','MM/DD/YYYY HH24:MI'));
INSERT INTO ORDEN_ANALISIS (FECHOR_EMISION,FECHOR_RECEP) VALUES (TO_DATE('11/10/2016 08:30','MM/DD/YYYY HH24:MI'),TO_DATE('11/10/2016 10:00','MM/DD/YYYY HH24:MI'));
INSERT INTO ORDEN_ANALISIS (FECHOR_EMISION,FECHOR_RECEP) VALUES (TO_DATE('12/23/2016 08:30','MM/DD/YYYY HH24:MI'),TO_DATE('12/23/2016 10:00','MM/DD/YYYY HH24:MI'));
INSERT INTO ORDEN_ANALISIS (FECHOR_EMISION,FECHOR_RECEP) VALUES (TO_DATE('12/29/2016 08:30','MM/DD/YYYY HH24:MI'),NULL);

INSERT INTO ESPECIALIDAD (NOM_ESPECIALIDAD) VALUES ('Josefa');
INSERT INTO ESPECIALIDAD (NOM_ESPECIALIDAD) VALUES ('Maira');
INSERT INTO ESPECIALIDAD (NOM_ESPECIALIDAD) VALUES ('Raúl');
INSERT INTO ESPECIALIDAD (NOM_ESPECIALIDAD) VALUES ('Clemente');
INSERT INTO ESPECIALIDAD (NOM_ESPECIALIDAD) VALUES ('Melani');
INSERT INTO ESPECIALIDAD (NOM_ESPECIALIDAD) VALUES ('Letizia');
INSERT INTO ESPECIALIDAD (NOM_ESPECIALIDAD) VALUES ('Adolfo');
INSERT INTO ESPECIALIDAD (NOM_ESPECIALIDAD) VALUES ('Jeremías');
INSERT INTO ESPECIALIDAD (NOM_ESPECIALIDAD) VALUES ('Dennise');
INSERT INTO ESPECIALIDAD (NOM_ESPECIALIDAD) VALUES ('Yoel');
INSERT INTO ESPECIALIDAD (NOM_ESPECIALIDAD) VALUES ('Adrian');
INSERT INTO ESPECIALIDAD (NOM_ESPECIALIDAD) VALUES ('Gustavo');
INSERT INTO ESPECIALIDAD (NOM_ESPECIALIDAD) VALUES ('Gael');
INSERT INTO ESPECIALIDAD (NOM_ESPECIALIDAD) VALUES ('Yanina');
INSERT INTO ESPECIALIDAD (NOM_ESPECIALIDAD) VALUES ('Nayadeth');
INSERT INTO ESPECIALIDAD (NOM_ESPECIALIDAD) VALUES ('Deyanira');
INSERT INTO ESPECIALIDAD (NOM_ESPECIALIDAD) VALUES ('Gladys');
INSERT INTO ESPECIALIDAD (NOM_ESPECIALIDAD) VALUES ('Helena');
INSERT INTO ESPECIALIDAD (NOM_ESPECIALIDAD) VALUES ('Isabella');
INSERT INTO ESPECIALIDAD (NOM_ESPECIALIDAD) VALUES ('Dana');


INSERT INTO TIPO_PRES (NOM_TIPO_PREST) VALUES ('Madeleyn');
INSERT INTO TIPO_PRES (NOM_TIPO_PREST) VALUES ('Sofia');
INSERT INTO TIPO_PRES (NOM_TIPO_PREST) VALUES ('Dennise');
INSERT INTO TIPO_PRES (NOM_TIPO_PREST) VALUES ('Marcia');
INSERT INTO TIPO_PRES (NOM_TIPO_PREST) VALUES ('Sergio');
INSERT INTO TIPO_PRES (NOM_TIPO_PREST) VALUES ('Amalia');
INSERT INTO TIPO_PRES (NOM_TIPO_PREST) VALUES ('Constansa');
INSERT INTO TIPO_PRES (NOM_TIPO_PREST) VALUES ('Ester');
INSERT INTO TIPO_PRES (NOM_TIPO_PREST) VALUES ('Nayara');
INSERT INTO TIPO_PRES (NOM_TIPO_PREST) VALUES ('Aramis');
INSERT INTO TIPO_PRES (NOM_TIPO_PREST) VALUES ('Víctor');
INSERT INTO TIPO_PRES (NOM_TIPO_PREST) VALUES ('Dannae');
INSERT INTO TIPO_PRES (NOM_TIPO_PREST) VALUES ('Adrián');
INSERT INTO TIPO_PRES (NOM_TIPO_PREST) VALUES ('Ninoska');
INSERT INTO TIPO_PRES (NOM_TIPO_PREST) VALUES ('Cecilia');
INSERT INTO TIPO_PRES (NOM_TIPO_PREST) VALUES ('Alén');
INSERT INTO TIPO_PRES (NOM_TIPO_PREST) VALUES ('Keily');
INSERT INTO TIPO_PRES (NOM_TIPO_PREST) VALUES ('Aldair');
INSERT INTO TIPO_PRES (NOM_TIPO_PREST) VALUES ('Paz');
INSERT INTO TIPO_PRES (NOM_TIPO_PREST) VALUES ('Jason');

INSERT INTO TIPO_EQUIPO (NOMBRE_TIPO_EQUIPO) VALUES ('Beltrán');
INSERT INTO TIPO_EQUIPO (NOMBRE_TIPO_EQUIPO) VALUES ('Jhonny');
INSERT INTO TIPO_EQUIPO (NOMBRE_TIPO_EQUIPO) VALUES ('Ambar');
INSERT INTO TIPO_EQUIPO (NOMBRE_TIPO_EQUIPO) VALUES ('Elsa');
INSERT INTO TIPO_EQUIPO (NOMBRE_TIPO_EQUIPO) VALUES ('Mario');
INSERT INTO TIPO_EQUIPO (NOMBRE_TIPO_EQUIPO) VALUES ('Francoise');
INSERT INTO TIPO_EQUIPO (NOMBRE_TIPO_EQUIPO) VALUES ('Edwin');
INSERT INTO TIPO_EQUIPO (NOMBRE_TIPO_EQUIPO) VALUES ('Cristobal');
INSERT INTO TIPO_EQUIPO (NOMBRE_TIPO_EQUIPO) VALUES ('Yael');
INSERT INTO TIPO_EQUIPO (NOMBRE_TIPO_EQUIPO) VALUES ('Ronaldo');
INSERT INTO TIPO_EQUIPO (NOMBRE_TIPO_EQUIPO) VALUES ('Andy');
INSERT INTO TIPO_EQUIPO (NOMBRE_TIPO_EQUIPO) VALUES ('Luca');
INSERT INTO TIPO_EQUIPO (NOMBRE_TIPO_EQUIPO) VALUES ('Mirko');
INSERT INTO TIPO_EQUIPO (NOMBRE_TIPO_EQUIPO) VALUES ('Ágata');
INSERT INTO TIPO_EQUIPO (NOMBRE_TIPO_EQUIPO) VALUES ('Vincent');
INSERT INTO TIPO_EQUIPO (NOMBRE_TIPO_EQUIPO) VALUES ('Judith');
INSERT INTO TIPO_EQUIPO (NOMBRE_TIPO_EQUIPO) VALUES ('Gisela');
INSERT INTO TIPO_EQUIPO (NOMBRE_TIPO_EQUIPO) VALUES ('Renata');
INSERT INTO TIPO_EQUIPO (NOMBRE_TIPO_EQUIPO) VALUES ('Jael');
INSERT INTO TIPO_EQUIPO (NOMBRE_TIPO_EQUIPO) VALUES ('Carmen');

INSERT INTO BONO (CANT_BONO,COD_ASEGURADORA,ID_ASEGURADORA) VALUES (9854,'4519',1);
INSERT INTO BONO (CANT_BONO,COD_ASEGURADORA,ID_ASEGURADORA) VALUES (6579,'7132',2);
INSERT INTO BONO (CANT_BONO,COD_ASEGURADORA,ID_ASEGURADORA) VALUES (27215,'5422',3);
INSERT INTO BONO (CANT_BONO,COD_ASEGURADORA,ID_ASEGURADORA) VALUES (37240,'9614',4);
INSERT INTO BONO (CANT_BONO,COD_ASEGURADORA,ID_ASEGURADORA) VALUES (7061,'1423',5);
INSERT INTO BONO (CANT_BONO,COD_ASEGURADORA,ID_ASEGURADORA) VALUES (5731,'7601',6);
INSERT INTO BONO (CANT_BONO,COD_ASEGURADORA,ID_ASEGURADORA) VALUES (7259,'1500',7);
INSERT INTO BONO (CANT_BONO,COD_ASEGURADORA,ID_ASEGURADORA) VALUES (9540,'9331',8);
INSERT INTO BONO (CANT_BONO,COD_ASEGURADORA,ID_ASEGURADORA) VALUES (3640,'9440',9);
INSERT INTO BONO (CANT_BONO,COD_ASEGURADORA,ID_ASEGURADORA) VALUES (9726,'3120',10);
INSERT INTO BONO (CANT_BONO,COD_ASEGURADORA,ID_ASEGURADORA) VALUES (6159,'6262',11);
INSERT INTO BONO (CANT_BONO,COD_ASEGURADORA,ID_ASEGURADORA) VALUES (14040,'6982',12);
INSERT INTO BONO (CANT_BONO,COD_ASEGURADORA,ID_ASEGURADORA) VALUES (7795,'4731',13);
INSERT INTO BONO (CANT_BONO,COD_ASEGURADORA,ID_ASEGURADORA) VALUES (7000,'5895',14);
INSERT INTO BONO (CANT_BONO,COD_ASEGURADORA,ID_ASEGURADORA) VALUES (4809,'8563',15);
INSERT INTO BONO (CANT_BONO,COD_ASEGURADORA,ID_ASEGURADORA) VALUES (8836,'1432',16);
INSERT INTO BONO (CANT_BONO,COD_ASEGURADORA,ID_ASEGURADORA) VALUES (5276,'1938',17);
INSERT INTO BONO (CANT_BONO,COD_ASEGURADORA,ID_ASEGURADORA) VALUES (6536,'6614',18);
INSERT INTO BONO (CANT_BONO,COD_ASEGURADORA,ID_ASEGURADORA) VALUES (6491,'8608',19);
INSERT INTO BONO (CANT_BONO,COD_ASEGURADORA,ID_ASEGURADORA) VALUES (9862,'2554',20);


INSERT INTO PACIENTE (NOMBRES_PACIENTE,APELLIDOS_PACIENTE,RUT,HASHED_PASS,EMAIL_PACIENTE,DIGITO_VERIFICADOR) VALUES ('Tarik','Olsen','27653653','Donec','in.felis@antedictummi.org','2');
INSERT INTO PACIENTE (NOMBRES_PACIENTE,APELLIDOS_PACIENTE,RUT,HASHED_PASS,EMAIL_PACIENTE,DIGITO_VERIFICADOR) VALUES ('Alea','Gordon','44040855','nec','metus.Aliquam.erat@tellus.com','9');
INSERT INTO PACIENTE (NOMBRES_PACIENTE,APELLIDOS_PACIENTE,RUT,HASHED_PASS,EMAIL_PACIENTE,DIGITO_VERIFICADOR) VALUES ('Jaime','Pope','7216879','tempus','nec@euplacerat.ca','8');
INSERT INTO PACIENTE (NOMBRES_PACIENTE,APELLIDOS_PACIENTE,RUT,HASHED_PASS,EMAIL_PACIENTE,DIGITO_VERIFICADOR) VALUES ('Morgan','Garner','26034708','scelerisque','condimentum.Donec@arcu.com','K');
INSERT INTO PACIENTE (NOMBRES_PACIENTE,APELLIDOS_PACIENTE,RUT,HASHED_PASS,EMAIL_PACIENTE,DIGITO_VERIFICADOR) VALUES ('Hope','Perez','26905702','Nullam','rutrum@aliquetliberoInteger.com','5');
INSERT INTO PACIENTE (NOMBRES_PACIENTE,APELLIDOS_PACIENTE,RUT,HASHED_PASS,EMAIL_PACIENTE,DIGITO_VERIFICADOR) VALUES ('Cade','Torres','34886739','neque','Cras@Phasellusdapibusquam.edu','3');
INSERT INTO PACIENTE (NOMBRES_PACIENTE,APELLIDOS_PACIENTE,RUT,HASHED_PASS,EMAIL_PACIENTE,DIGITO_VERIFICADOR) VALUES ('Tanek','Bryant','22432656','rutrum','sem.semper.erat@ligulatortordictum.edu','4');
INSERT INTO PACIENTE (NOMBRES_PACIENTE,APELLIDOS_PACIENTE,RUT,HASHED_PASS,EMAIL_PACIENTE,DIGITO_VERIFICADOR) VALUES ('Hanae','Burns','12823850','elit','Suspendisse.commodo.tincidunt@infaucibusorci.net','6');
INSERT INTO PACIENTE (NOMBRES_PACIENTE,APELLIDOS_PACIENTE,RUT,HASHED_PASS,EMAIL_PACIENTE,DIGITO_VERIFICADOR) VALUES ('Destiny','Moody','38870712','lobortis','mollis.Integer@nectempusmauris.org','7');
INSERT INTO PACIENTE (NOMBRES_PACIENTE,APELLIDOS_PACIENTE,RUT,HASHED_PASS,EMAIL_PACIENTE,DIGITO_VERIFICADOR) VALUES ('Jackson','Carson','36188186','interdum.','mattis.semper.dui@sem.com','9');
INSERT INTO PACIENTE (NOMBRES_PACIENTE,APELLIDOS_PACIENTE,RUT,HASHED_PASS,EMAIL_PACIENTE,DIGITO_VERIFICADOR) VALUES ('Maisie','Hogan','45092302','orci,','natoque@tempus.co.uk','8');
INSERT INTO PACIENTE (NOMBRES_PACIENTE,APELLIDOS_PACIENTE,RUT,HASHED_PASS,EMAIL_PACIENTE,DIGITO_VERIFICADOR) VALUES ('Uriel','Macdonald','17581669','a','iaculis.enim@dictum.net','0');
INSERT INTO PACIENTE (NOMBRES_PACIENTE,APELLIDOS_PACIENTE,RUT,HASHED_PASS,EMAIL_PACIENTE,DIGITO_VERIFICADOR) VALUES ('Jane','Roberson','11350062','Vestibulum','augue@urna.net','K');
INSERT INTO PACIENTE (NOMBRES_PACIENTE,APELLIDOS_PACIENTE,RUT,HASHED_PASS,EMAIL_PACIENTE,DIGITO_VERIFICADOR) VALUES ('Bernard','Holland','22144764','Curabitur','neque.Nullam.nisl@metusvitaevelit.com','6');
INSERT INTO PACIENTE (NOMBRES_PACIENTE,APELLIDOS_PACIENTE,RUT,HASHED_PASS,EMAIL_PACIENTE,DIGITO_VERIFICADOR) VALUES ('Hadassah','Wise','49401122','sed,','nunc.sit@et.net','0');
INSERT INTO PACIENTE (NOMBRES_PACIENTE,APELLIDOS_PACIENTE,RUT,HASHED_PASS,EMAIL_PACIENTE,DIGITO_VERIFICADOR) VALUES ('Mariam','Ellis','10210280','ipsum','risus.In@tortor.ca','0');
INSERT INTO PACIENTE (NOMBRES_PACIENTE,APELLIDOS_PACIENTE,RUT,HASHED_PASS,EMAIL_PACIENTE,DIGITO_VERIFICADOR) VALUES ('Sloane','Hurst','32024859','vehicula','justo.Proin@aptenttaciti.com','0');
INSERT INTO PACIENTE (NOMBRES_PACIENTE,APELLIDOS_PACIENTE,RUT,HASHED_PASS,EMAIL_PACIENTE,DIGITO_VERIFICADOR) VALUES ('Odette','Mathews','39850062','Quisque','est.vitae.sodales@aliquamiaculislacus.edu','8');
INSERT INTO PACIENTE (NOMBRES_PACIENTE,APELLIDOS_PACIENTE,RUT,HASHED_PASS,EMAIL_PACIENTE,DIGITO_VERIFICADOR) VALUES ('Noelle','Ayala','5611368','malesuada','eleifend.non.dapibus@loremeumetus.org','1');
INSERT INTO PACIENTE (NOMBRES_PACIENTE,APELLIDOS_PACIENTE,RUT,HASHED_PASS,EMAIL_PACIENTE,DIGITO_VERIFICADOR) VALUES ('Lael','Gay','13393731','id','semper@dictummi.org','5');

INSERT INTO FICHA (FEC_NAC,SEXO,ID_PACIENTE) VALUES (TO_DATE('04/05/1968','MM/DD/YYYY'),'M',1);
INSERT INTO FICHA (FEC_NAC,SEXO,ID_PACIENTE) VALUES (TO_DATE('11/23/1995','MM/DD/YYYY'),'F',2);
INSERT INTO FICHA (FEC_NAC,SEXO,ID_PACIENTE) VALUES (TO_DATE('03/18/1964','MM/DD/YYYY'),'M',3);
INSERT INTO FICHA (FEC_NAC,SEXO,ID_PACIENTE) VALUES (TO_DATE('05/31/1990','MM/DD/YYYY'),'M',4);
INSERT INTO FICHA (FEC_NAC,SEXO,ID_PACIENTE) VALUES (TO_DATE('10/19/1998','MM/DD/YYYY'),'M',5);
INSERT INTO FICHA (FEC_NAC,SEXO,ID_PACIENTE) VALUES (TO_DATE('11/16/1988','MM/DD/YYYY'),'M',6);
INSERT INTO FICHA (FEC_NAC,SEXO,ID_PACIENTE) VALUES (TO_DATE('08/25/1950','MM/DD/YYYY'),'F',7);
INSERT INTO FICHA (FEC_NAC,SEXO,ID_PACIENTE) VALUES (TO_DATE('12/10/1934','MM/DD/YYYY'),'M',8);
INSERT INTO FICHA (FEC_NAC,SEXO,ID_PACIENTE) VALUES (TO_DATE('01/18/1971','MM/DD/YYYY'),'M',9);
INSERT INTO FICHA (FEC_NAC,SEXO,ID_PACIENTE) VALUES (TO_DATE('06/22/1973','MM/DD/YYYY'),'F',10);
INSERT INTO FICHA (FEC_NAC,SEXO,ID_PACIENTE) VALUES (TO_DATE('05/14/1983','MM/DD/YYYY'),'F',11);
INSERT INTO FICHA (FEC_NAC,SEXO,ID_PACIENTE) VALUES (TO_DATE('04/18/1992','MM/DD/YYYY'),'F',12);
INSERT INTO FICHA (FEC_NAC,SEXO,ID_PACIENTE) VALUES (TO_DATE('02/07/1999','MM/DD/YYYY'),'M',13);
INSERT INTO FICHA (FEC_NAC,SEXO,ID_PACIENTE) VALUES (TO_DATE('04/12/2000','MM/DD/YYYY'),'F',14);
INSERT INTO FICHA (FEC_NAC,SEXO,ID_PACIENTE) VALUES (TO_DATE('11/22/1969','MM/DD/YYYY'),'F',15);
INSERT INTO FICHA (FEC_NAC,SEXO,ID_PACIENTE) VALUES (TO_DATE('05/02/1978','MM/DD/YYYY'),'M',16);
INSERT INTO FICHA (FEC_NAC,SEXO,ID_PACIENTE) VALUES (TO_DATE('12/28/1964','MM/DD/YYYY'),'F',17);
INSERT INTO FICHA (FEC_NAC,SEXO,ID_PACIENTE) VALUES (TO_DATE('10/29/1956','MM/DD/YYYY'),'F',18);
INSERT INTO FICHA (FEC_NAC,SEXO,ID_PACIENTE) VALUES (TO_DATE('05/09/1954','MM/DD/YYYY'),'F',19);
INSERT INTO FICHA (FEC_NAC,SEXO,ID_PACIENTE) VALUES (TO_DATE('03/22/1977','MM/DD/YYYY'),'M',20);

INSERT INTO ENTRADA_FICHA (NOMBRE_ENTRADA,CONTENIDO_ENTRADA,FECHA_ENTRADA,ID_FICHA) VALUES ('interdum','sit',TO_DATE('01/28/2016','MM/DD/YYYY'),1);
INSERT INTO ENTRADA_FICHA (NOMBRE_ENTRADA,CONTENIDO_ENTRADA,FECHA_ENTRADA,ID_FICHA) VALUES ('feugiat.','at, egestas a, scelerisque sed,',TO_DATE('02/14/2016','MM/DD/YYYY'),2);
INSERT INTO ENTRADA_FICHA (NOMBRE_ENTRADA,CONTENIDO_ENTRADA,FECHA_ENTRADA,ID_FICHA) VALUES ('mauris.','sem',TO_DATE('03/03/2016','MM/DD/YYYY'),3);
INSERT INTO ENTRADA_FICHA (NOMBRE_ENTRADA,CONTENIDO_ENTRADA,FECHA_ENTRADA,ID_FICHA) VALUES ('non','purus sapien, gravida non, sollicitudin',TO_DATE('03/09/2016','MM/DD/YYYY'),4);
INSERT INTO ENTRADA_FICHA (NOMBRE_ENTRADA,CONTENIDO_ENTRADA,FECHA_ENTRADA,ID_FICHA) VALUES ('eleifend,','justo. Praesent luctus. Curabitur',TO_DATE('03/14/2016','MM/DD/YYYY'),5);
INSERT INTO ENTRADA_FICHA (NOMBRE_ENTRADA,CONTENIDO_ENTRADA,FECHA_ENTRADA,ID_FICHA) VALUES ('eu,','semper pretium',TO_DATE('04/07/2016','MM/DD/YYYY'),6);
INSERT INTO ENTRADA_FICHA (NOMBRE_ENTRADA,CONTENIDO_ENTRADA,FECHA_ENTRADA,ID_FICHA) VALUES ('enim','a',TO_DATE('04/29/2016','MM/DD/YYYY'),7);
INSERT INTO ENTRADA_FICHA (NOMBRE_ENTRADA,CONTENIDO_ENTRADA,FECHA_ENTRADA,ID_FICHA) VALUES ('vel','in faucibus orci luctus',TO_DATE('05/29/2016','MM/DD/YYYY'),8);
INSERT INTO ENTRADA_FICHA (NOMBRE_ENTRADA,CONTENIDO_ENTRADA,FECHA_ENTRADA,ID_FICHA) VALUES ('lectus','neque. Nullam ut nisi a',TO_DATE('06/28/2016','MM/DD/YYYY'),9);
INSERT INTO ENTRADA_FICHA (NOMBRE_ENTRADA,CONTENIDO_ENTRADA,FECHA_ENTRADA,ID_FICHA) VALUES ('libero','ut quam vel',TO_DATE('06/30/2016','MM/DD/YYYY'),10);
INSERT INTO ENTRADA_FICHA (NOMBRE_ENTRADA,CONTENIDO_ENTRADA,FECHA_ENTRADA,ID_FICHA) VALUES ('quam','Nunc commodo auctor',TO_DATE('04/04/2017','MM/DD/YYYY'),11);
INSERT INTO ENTRADA_FICHA (NOMBRE_ENTRADA,CONTENIDO_ENTRADA,FECHA_ENTRADA,ID_FICHA) VALUES ('leo.','luctus et ultrices posuere',TO_DATE('07/02/2016','MM/DD/YYYY'),12);
INSERT INTO ENTRADA_FICHA (NOMBRE_ENTRADA,CONTENIDO_ENTRADA,FECHA_ENTRADA,ID_FICHA) VALUES ('ullamcorper','Suspendisse',TO_DATE('08/10/2016','MM/DD/YYYY'),13);
INSERT INTO ENTRADA_FICHA (NOMBRE_ENTRADA,CONTENIDO_ENTRADA,FECHA_ENTRADA,ID_FICHA) VALUES ('quis','sem,',TO_DATE('09/11/2016','MM/DD/YYYY'),14);
INSERT INTO ENTRADA_FICHA (NOMBRE_ENTRADA,CONTENIDO_ENTRADA,FECHA_ENTRADA,ID_FICHA) VALUES ('elit,','eget,',TO_DATE('10/22/2016','MM/DD/YYYY'),15);
INSERT INTO ENTRADA_FICHA (NOMBRE_ENTRADA,CONTENIDO_ENTRADA,FECHA_ENTRADA,ID_FICHA) VALUES ('vitae,','aliquet molestie tellus. Aenean',TO_DATE('10/28/2016','MM/DD/YYYY'),16);
INSERT INTO ENTRADA_FICHA (NOMBRE_ENTRADA,CONTENIDO_ENTRADA,FECHA_ENTRADA,ID_FICHA) VALUES ('ut','eu',TO_DATE('10/29/2016','MM/DD/YYYY'),17);
INSERT INTO ENTRADA_FICHA (NOMBRE_ENTRADA,CONTENIDO_ENTRADA,FECHA_ENTRADA,ID_FICHA) VALUES ('id,','ridiculus mus. Aenean eget',TO_DATE('11/02/2016','MM/DD/YYYY'),18);
INSERT INTO ENTRADA_FICHA (NOMBRE_ENTRADA,CONTENIDO_ENTRADA,FECHA_ENTRADA,ID_FICHA) VALUES ('montes,','nonummy ultricies ornare, elit elit',TO_DATE('11/10/2016','MM/DD/YYYY'),19);
INSERT INTO ENTRADA_FICHA (NOMBRE_ENTRADA,CONTENIDO_ENTRADA,FECHA_ENTRADA,ID_FICHA) VALUES ('ornare.','massa. Mauris',TO_DATE('12/23/2016','MM/DD/YYYY'),20);

INSERT INTO PERSONAL (NOMBRES,APELLIDOS,REMUNERACION,HASHED_PASS,PORCENT_DESCUENTO,RUT,VERIFICADOR,EMAIL) VALUES ('Salvador','Schroeder',4232838,'Mauris',27,'16283054','6','interdum.Curabitur@luctus.org');
INSERT INTO PERSONAL (NOMBRES,APELLIDOS,REMUNERACION,HASHED_PASS,PORCENT_DESCUENTO,RUT,VERIFICADOR,EMAIL) VALUES ('Kirby','Johnston',3533999,'nisl.',88,'31174422','4','nonummy.ut.molestie@montes.co.uk');
INSERT INTO PERSONAL (NOMBRES,APELLIDOS,REMUNERACION,HASHED_PASS,PORCENT_DESCUENTO,RUT,VERIFICADOR,EMAIL) VALUES ('Lester','Aguilar',5335075,'diam',27,'17407875','0','pede@arcuSedet.edu');
INSERT INTO PERSONAL (NOMBRES,APELLIDOS,REMUNERACION,HASHED_PASS,PORCENT_DESCUENTO,RUT,VERIFICADOR,EMAIL) VALUES ('Carol','Owens',1822495,'hendrerit',97,'41538466','1','Quisque.fringilla@Morbineque.ca');
INSERT INTO PERSONAL (NOMBRES,APELLIDOS,REMUNERACION,HASHED_PASS,PORCENT_DESCUENTO,RUT,VERIFICADOR,EMAIL) VALUES ('Kyle','Buck',9913662,'euismod',82,'22273110','0','ultrices.Duis.volutpat@nisi.edu');
INSERT INTO PERSONAL (NOMBRES,APELLIDOS,REMUNERACION,HASHED_PASS,PORCENT_DESCUENTO,RUT,VERIFICADOR,EMAIL) VALUES ('Addison','Schmidt',1973520,'vel',8,'46519949','0','Nunc.pulvinar.arcu@ridiculusmusAenean.org');
INSERT INTO PERSONAL (NOMBRES,APELLIDOS,REMUNERACION,HASHED_PASS,PORCENT_DESCUENTO,RUT,VERIFICADOR,EMAIL) VALUES ('Charlotte','Tillman',1850325,'eget,',76,'32789550','8','ullamcorper.velit@anteNuncmauris.co.uk');
INSERT INTO PERSONAL (NOMBRES,APELLIDOS,REMUNERACION,HASHED_PASS,PORCENT_DESCUENTO,RUT,VERIFICADOR,EMAIL) VALUES ('Irma','Durham',1217361,'nonummy',97,'41900695','5','sapien.molestie@elitAliquamauctor.co.uk');
INSERT INTO PERSONAL (NOMBRES,APELLIDOS,REMUNERACION,HASHED_PASS,PORCENT_DESCUENTO,RUT,VERIFICADOR,EMAIL) VALUES ('Cadman','Wade',890553,'sit',36,'24867260','9','fringilla.euismod@lectusasollicitudin.net');
INSERT INTO PERSONAL (NOMBRES,APELLIDOS,REMUNERACION,HASHED_PASS,PORCENT_DESCUENTO,RUT,VERIFICADOR,EMAIL) VALUES ('Raven','Snider',536054,'a',51,'46970913','2','sit.amet@erat.org');
INSERT INTO PERSONAL (NOMBRES,APELLIDOS,REMUNERACION,HASHED_PASS,PORCENT_DESCUENTO,RUT,VERIFICADOR,EMAIL) VALUES ('Chloe','Bass',7168729,'id,',8,'9134252','9','risus.odio@dapibus.org');
INSERT INTO PERSONAL (NOMBRES,APELLIDOS,REMUNERACION,HASHED_PASS,PORCENT_DESCUENTO,RUT,VERIFICADOR,EMAIL) VALUES ('Arden','Hoffman',6868726,'fermentum',94,'40028144','0','elit.elit@lacusCrasinterdum.co.uk');
INSERT INTO PERSONAL (NOMBRES,APELLIDOS,REMUNERACION,HASHED_PASS,PORCENT_DESCUENTO,RUT,VERIFICADOR,EMAIL) VALUES ('Hillary','Sherman',3579680,'Morbi',89,'9407074','0','eu.tellus@eratvitae.com');
INSERT INTO PERSONAL (NOMBRES,APELLIDOS,REMUNERACION,HASHED_PASS,PORCENT_DESCUENTO,RUT,VERIFICADOR,EMAIL) VALUES ('Jillian','Herring',6019677,'Aenean',73,'39806945','5','eu@sapien.co.uk');
INSERT INTO PERSONAL (NOMBRES,APELLIDOS,REMUNERACION,HASHED_PASS,PORCENT_DESCUENTO,RUT,VERIFICADOR,EMAIL) VALUES ('Alisa','Mcgowan',7802120,'a,',30,'17687411','2','lacus.pede.sagittis@Praesenteu.com');
INSERT INTO PERSONAL (NOMBRES,APELLIDOS,REMUNERACION,HASHED_PASS,PORCENT_DESCUENTO,RUT,VERIFICADOR,EMAIL) VALUES ('Felix','Pearson',6664800,'fermentum',60,'43842854','2','risus@nunc.co.uk');
INSERT INTO PERSONAL (NOMBRES,APELLIDOS,REMUNERACION,HASHED_PASS,PORCENT_DESCUENTO,RUT,VERIFICADOR,EMAIL) VALUES ('Ainsley','Hopper',4061882,'vel',87,'17561376','5','libero.at.auctor@amet.ca');
INSERT INTO PERSONAL (NOMBRES,APELLIDOS,REMUNERACION,HASHED_PASS,PORCENT_DESCUENTO,RUT,VERIFICADOR,EMAIL) VALUES ('Fatima','Morin',2958212,'ligula.',86,'26998922','k','neque@urna.net');
INSERT INTO PERSONAL (NOMBRES,APELLIDOS,REMUNERACION,HASHED_PASS,PORCENT_DESCUENTO,RUT,VERIFICADOR,EMAIL) VALUES ('Latifah','Sears',3391746,'Sed',9,'15617451','3','per.conubia@per.co.uk');
INSERT INTO PERSONAL (NOMBRES,APELLIDOS,REMUNERACION,HASHED_PASS,PORCENT_DESCUENTO,RUT,VERIFICADOR,EMAIL) VALUES ('Kylynn','Fuller',8565337,'dis',14,'32623818','k','elit@erosturpisnon.ca');

INSERT INTO FUNCIONARIO (ID_CARGO_FUNCI,ID_PERSONAL) VALUES (1,1);
INSERT INTO FUNCIONARIO (ID_CARGO_FUNCI,ID_PERSONAL) VALUES (2,2);
INSERT INTO FUNCIONARIO (ID_CARGO_FUNCI,ID_PERSONAL) VALUES (3,3);
INSERT INTO FUNCIONARIO (ID_CARGO_FUNCI,ID_PERSONAL) VALUES (4,4);
INSERT INTO FUNCIONARIO (ID_CARGO_FUNCI,ID_PERSONAL) VALUES (5,5);
INSERT INTO FUNCIONARIO (ID_CARGO_FUNCI,ID_PERSONAL) VALUES (6,6);
INSERT INTO FUNCIONARIO (ID_CARGO_FUNCI,ID_PERSONAL) VALUES (7,7);
INSERT INTO FUNCIONARIO (ID_CARGO_FUNCI,ID_PERSONAL) VALUES (8,8);
INSERT INTO FUNCIONARIO (ID_CARGO_FUNCI,ID_PERSONAL) VALUES (9,9);
INSERT INTO FUNCIONARIO (ID_CARGO_FUNCI,ID_PERSONAL) VALUES (10,10);
INSERT INTO FUNCIONARIO (ID_CARGO_FUNCI,ID_PERSONAL) VALUES (11,11);
INSERT INTO FUNCIONARIO (ID_CARGO_FUNCI,ID_PERSONAL) VALUES (12,12);
INSERT INTO FUNCIONARIO (ID_CARGO_FUNCI,ID_PERSONAL) VALUES (13,13);
INSERT INTO FUNCIONARIO (ID_CARGO_FUNCI,ID_PERSONAL) VALUES (14,14);
INSERT INTO FUNCIONARIO (ID_CARGO_FUNCI,ID_PERSONAL) VALUES (15,15);
INSERT INTO FUNCIONARIO (ID_CARGO_FUNCI,ID_PERSONAL) VALUES (16,16);
INSERT INTO FUNCIONARIO (ID_CARGO_FUNCI,ID_PERSONAL) VALUES (17,17);
INSERT INTO FUNCIONARIO (ID_CARGO_FUNCI,ID_PERSONAL) VALUES (18,18);
INSERT INTO FUNCIONARIO (ID_CARGO_FUNCI,ID_PERSONAL) VALUES (19,19);
INSERT INTO FUNCIONARIO (ID_CARGO_FUNCI,ID_PERSONAL) VALUES (20,20);

INSERT INTO CAJA (FECHOR_APERTURA,FECHOR_CIERRE,ID_FUNCIONARIO) VALUES (TO_DATE('01/28/2016 08:00','MM/DD/YYYY HH24:MI'),TO_DATE('01/28/2016 18:00','MM/DD/YYYY HH24:MI'),1); 
INSERT INTO CAJA (FECHOR_APERTURA,FECHOR_CIERRE,ID_FUNCIONARIO) VALUES (TO_DATE('02/14/2016 08:00','MM/DD/YYYY HH24:MI'),TO_DATE('02/14/2016 18:00','MM/DD/YYYY HH24:MI'),2); 
INSERT INTO CAJA (FECHOR_APERTURA,FECHOR_CIERRE,ID_FUNCIONARIO) VALUES (TO_DATE('03/03/2016 08:00','MM/DD/YYYY HH24:MI'),TO_DATE('03/03/2016 18:00','MM/DD/YYYY HH24:MI'),3); 
INSERT INTO CAJA (FECHOR_APERTURA,FECHOR_CIERRE,ID_FUNCIONARIO) VALUES (TO_DATE('03/09/2016 08:00','MM/DD/YYYY HH24:MI'),TO_DATE('03/09/2016 18:00','MM/DD/YYYY HH24:MI'),4); 
INSERT INTO CAJA (FECHOR_APERTURA,FECHOR_CIERRE,ID_FUNCIONARIO) VALUES (TO_DATE('03/14/2016 08:00','MM/DD/YYYY HH24:MI'),TO_DATE('03/14/2016 18:00','MM/DD/YYYY HH24:MI'),5); 
INSERT INTO CAJA (FECHOR_APERTURA,FECHOR_CIERRE,ID_FUNCIONARIO) VALUES (TO_DATE('04/07/2016 08:00','MM/DD/YYYY HH24:MI'),TO_DATE('04/07/2016 18:00','MM/DD/YYYY HH24:MI'),6); 
INSERT INTO CAJA (FECHOR_APERTURA,FECHOR_CIERRE,ID_FUNCIONARIO) VALUES (TO_DATE('04/29/2016 08:00','MM/DD/YYYY HH24:MI'),TO_DATE('04/29/2016 18:00','MM/DD/YYYY HH24:MI'),7); 
INSERT INTO CAJA (FECHOR_APERTURA,FECHOR_CIERRE,ID_FUNCIONARIO) VALUES (TO_DATE('05/29/2016 08:00','MM/DD/YYYY HH24:MI'),TO_DATE('05/29/2016 18:00','MM/DD/YYYY HH24:MI'),8); 
INSERT INTO CAJA (FECHOR_APERTURA,FECHOR_CIERRE,ID_FUNCIONARIO) VALUES (TO_DATE('06/28/2016 08:00','MM/DD/YYYY HH24:MI'),TO_DATE('06/28/2016 18:00','MM/DD/YYYY HH24:MI'),9); 
INSERT INTO CAJA (FECHOR_APERTURA,FECHOR_CIERRE,ID_FUNCIONARIO) VALUES (TO_DATE('06/30/2016 08:00','MM/DD/YYYY HH24:MI'),TO_DATE('06/30/2016 18:00','MM/DD/YYYY HH24:MI'),10); 
INSERT INTO CAJA (FECHOR_APERTURA,FECHOR_CIERRE,ID_FUNCIONARIO) VALUES (TO_DATE('07/02/2016 08:00','MM/DD/YYYY HH24:MI'),TO_DATE('07/02/2016 18:00','MM/DD/YYYY HH24:MI'),11); 
INSERT INTO CAJA (FECHOR_APERTURA,FECHOR_CIERRE,ID_FUNCIONARIO) VALUES (TO_DATE('08/10/2016 08:00','MM/DD/YYYY HH24:MI'),TO_DATE('08/10/2016 18:00','MM/DD/YYYY HH24:MI'),12); 
INSERT INTO CAJA (FECHOR_APERTURA,FECHOR_CIERRE,ID_FUNCIONARIO) VALUES (TO_DATE('09/11/2016 08:00','MM/DD/YYYY HH24:MI'),TO_DATE('09/11/2016 18:00','MM/DD/YYYY HH24:MI'),13); 
INSERT INTO CAJA (FECHOR_APERTURA,FECHOR_CIERRE,ID_FUNCIONARIO) VALUES (TO_DATE('10/22/2016 08:00','MM/DD/YYYY HH24:MI'),TO_DATE('10/22/2016 18:00','MM/DD/YYYY HH24:MI'),14); 
INSERT INTO CAJA (FECHOR_APERTURA,FECHOR_CIERRE,ID_FUNCIONARIO) VALUES (TO_DATE('10/28/2016 08:00','MM/DD/YYYY HH24:MI'),TO_DATE('10/28/2016 18:00','MM/DD/YYYY HH24:MI'),15); 
INSERT INTO CAJA (FECHOR_APERTURA,FECHOR_CIERRE,ID_FUNCIONARIO) VALUES (TO_DATE('10/29/2016 08:00','MM/DD/YYYY HH24:MI'),TO_DATE('10/29/2016 18:00','MM/DD/YYYY HH24:MI'),16); 
INSERT INTO CAJA (FECHOR_APERTURA,FECHOR_CIERRE,ID_FUNCIONARIO) VALUES (TO_DATE('11/02/2016 08:00','MM/DD/YYYY HH24:MI'),TO_DATE('11/02/2016 18:00','MM/DD/YYYY HH24:MI'),17); 
INSERT INTO CAJA (FECHOR_APERTURA,FECHOR_CIERRE,ID_FUNCIONARIO) VALUES (TO_DATE('11/10/2016 08:00','MM/DD/YYYY HH24:MI'),TO_DATE('11/10/2016 18:00','MM/DD/YYYY HH24:MI'),18); 
INSERT INTO CAJA (FECHOR_APERTURA,FECHOR_CIERRE,ID_FUNCIONARIO) VALUES (TO_DATE('12/23/2016 08:00','MM/DD/YYYY HH24:MI'),TO_DATE('12/23/2016 18:00','MM/DD/YYYY HH24:MI'),19); 
INSERT INTO CAJA (FECHOR_APERTURA,FECHOR_CIERRE,ID_FUNCIONARIO) VALUES (TO_DATE('12/29/2016 08:00','MM/DD/YYYY HH24:MI'),TO_DATE('12/29/2016 18:00','MM/DD/YYYY HH24:MI'),20);

INSERT INTO PAGO (FECHOR,ID_BONO,ID_CAJA,ID_DEVOLUCION,MONTO_PAGO) VALUES (TO_DATE('01/28/2016 14:35:36','MM/DD/YYYY HH24:MI:SS'),1,1,1,98765);
INSERT INTO PAGO (FECHOR,ID_BONO,ID_CAJA,ID_DEVOLUCION,MONTO_PAGO) VALUES (TO_DATE('02/14/2016 16:24:30','MM/DD/YYYY HH24:MI:SS'),2,2,2,87653);
INSERT INTO PAGO (FECHOR,ID_BONO,ID_CAJA,ID_DEVOLUCION,MONTO_PAGO) VALUES (TO_DATE('03/03/2016 13:12:24','MM/DD/YYYY HH24:MI:SS'),3,3,3,78654);
INSERT INTO PAGO (FECHOR,ID_BONO,ID_CAJA,ID_DEVOLUCION,MONTO_PAGO) VALUES (TO_DATE('03/09/2016 08:19:09','MM/DD/YYYY HH24:MI:SS'),4,4,4,98763);
INSERT INTO PAGO (FECHOR,ID_BONO,ID_CAJA,ID_DEVOLUCION,MONTO_PAGO) VALUES (TO_DATE('03/14/2016 09:28:18','MM/DD/YYYY HH24:MI:SS'),5,5,5,76523);
INSERT INTO PAGO (FECHOR,ID_BONO,ID_CAJA,ID_DEVOLUCION,MONTO_PAGO) VALUES (TO_DATE('04/07/2016 12:37:27','MM/DD/YYYY HH24:MI:SS'),6,6,6,67542);
INSERT INTO PAGO (FECHOR,ID_BONO,ID_CAJA,ID_DEVOLUCION,MONTO_PAGO) VALUES (TO_DATE('04/29/2016 13:46:36','MM/DD/YYYY HH24:MI:SS'),7,7,7,87643);
INSERT INTO PAGO (FECHOR,ID_BONO,ID_CAJA,ID_DEVOLUCION,MONTO_PAGO) VALUES (TO_DATE('05/29/2016 16:55:45','MM/DD/YYYY HH24:MI:SS'),8,8,8,95432);
INSERT INTO PAGO (FECHOR,ID_BONO,ID_CAJA,ID_DEVOLUCION,MONTO_PAGO) VALUES (TO_DATE('06/28/2016 17:14:54','MM/DD/YYYY HH24:MI:SS'),9,9,9,13546);
INSERT INTO PAGO (FECHOR,ID_BONO,ID_CAJA,ID_DEVOLUCION,MONTO_PAGO) VALUES (TO_DATE('06/30/2016 13:53:49','MM/DD/YYYY HH24:MI:SS'),10,10,10,23980);
INSERT INTO PAGO (FECHOR,ID_BONO,ID_CAJA,ID_DEVOLUCION,MONTO_PAGO) VALUES (TO_DATE('07/02/2016 11:32:27','MM/DD/YYYY HH24:MI:SS'),11,11,11,34678);
INSERT INTO PAGO (FECHOR,ID_BONO,ID_CAJA,ID_DEVOLUCION,MONTO_PAGO) VALUES (TO_DATE('08/10/2016 08:21:34','MM/DD/YYYY HH24:MI:SS'),12,12,12,24567);
INSERT INTO PAGO (FECHOR,ID_BONO,ID_CAJA,ID_DEVOLUCION,MONTO_PAGO) VALUES (TO_DATE('09/11/2016 15:42:03','MM/DD/YYYY HH24:MI:SS'),13,13,13,9674);
INSERT INTO PAGO (FECHOR,ID_BONO,ID_CAJA,ID_DEVOLUCION,MONTO_PAGO) VALUES (TO_DATE('10/22/2016 14:43:54','MM/DD/YYYY HH24:MI:SS'),14,14,14,12356);
INSERT INTO PAGO (FECHOR,ID_BONO,ID_CAJA,ID_DEVOLUCION,MONTO_PAGO) VALUES (TO_DATE('10/28/2016 11:34:23','MM/DD/YYYY HH24:MI:SS'),15,15,15,45798);
INSERT INTO PAGO (FECHOR,ID_BONO,ID_CAJA,ID_DEVOLUCION,MONTO_PAGO) VALUES (TO_DATE('10/29/2016 12:35:26','MM/DD/YYYY HH24:MI:SS'),16,16,16,21345);
INSERT INTO PAGO (FECHOR,ID_BONO,ID_CAJA,ID_DEVOLUCION,MONTO_PAGO) VALUES (TO_DATE('11/02/2016 09:26:18','MM/DD/YYYY HH24:MI:SS'),17,17,17,98765);
INSERT INTO PAGO (FECHOR,ID_BONO,ID_CAJA,ID_DEVOLUCION,MONTO_PAGO) VALUES (TO_DATE('11/10/2016 08:57:01','MM/DD/YYYY HH24:MI:SS'),18,18,18,6879);
INSERT INTO PAGO (FECHOR,ID_BONO,ID_CAJA,ID_DEVOLUCION,MONTO_PAGO) VALUES (TO_DATE('12/23/2016 16:28:06','MM/DD/YYYY HH24:MI:SS'),19,19,19,23467);
INSERT INTO PAGO (FECHOR,ID_BONO,ID_CAJA,ID_DEVOLUCION,MONTO_PAGO) VALUES (TO_DATE('12/29/2016 12:19:48','MM/DD/YYYY HH24:MI:SS'),20,20,20,87654);

INSERT INTO PRESTACION (NOM_PRESTACION,PRECIO_PRESTACION,CODIGO_PRESTACION,ID_ESPECIALIDAD,ID_TIPO_PRESTACION) VALUES ('Dean',63567,'Nulla',1,1);
INSERT INTO PRESTACION (NOM_PRESTACION,PRECIO_PRESTACION,CODIGO_PRESTACION,ID_ESPECIALIDAD,ID_TIPO_PRESTACION) VALUES ('Kristen',7149,'feugiat.',2,2);
INSERT INTO PRESTACION (NOM_PRESTACION,PRECIO_PRESTACION,CODIGO_PRESTACION,ID_ESPECIALIDAD,ID_TIPO_PRESTACION) VALUES ('Reuben',94292,'massa',3,3);
INSERT INTO PRESTACION (NOM_PRESTACION,PRECIO_PRESTACION,CODIGO_PRESTACION,ID_ESPECIALIDAD,ID_TIPO_PRESTACION) VALUES ('Chava',21502,'elit,',4,4);
INSERT INTO PRESTACION (NOM_PRESTACION,PRECIO_PRESTACION,CODIGO_PRESTACION,ID_ESPECIALIDAD,ID_TIPO_PRESTACION) VALUES ('Gail',82013,'eleifend',5,5);
INSERT INTO PRESTACION (NOM_PRESTACION,PRECIO_PRESTACION,CODIGO_PRESTACION,ID_ESPECIALIDAD,ID_TIPO_PRESTACION) VALUES ('Ebony',92113,'a',6,6);
INSERT INTO PRESTACION (NOM_PRESTACION,PRECIO_PRESTACION,CODIGO_PRESTACION,ID_ESPECIALIDAD,ID_TIPO_PRESTACION) VALUES ('Armando',38712,'semper',7,7);
INSERT INTO PRESTACION (NOM_PRESTACION,PRECIO_PRESTACION,CODIGO_PRESTACION,ID_ESPECIALIDAD,ID_TIPO_PRESTACION) VALUES ('Lacey',82124,'ornare.',8,8);
INSERT INTO PRESTACION (NOM_PRESTACION,PRECIO_PRESTACION,CODIGO_PRESTACION,ID_ESPECIALIDAD,ID_TIPO_PRESTACION) VALUES ('Barbara',81342,'Cras',9,9);
INSERT INTO PRESTACION (NOM_PRESTACION,PRECIO_PRESTACION,CODIGO_PRESTACION,ID_ESPECIALIDAD,ID_TIPO_PRESTACION) VALUES ('Avram',95542,'arcu.',10,10);
INSERT INTO PRESTACION (NOM_PRESTACION,PRECIO_PRESTACION,CODIGO_PRESTACION,ID_ESPECIALIDAD,ID_TIPO_PRESTACION) VALUES ('Ralph',36953,'mauris',11,11);
INSERT INTO PRESTACION (NOM_PRESTACION,PRECIO_PRESTACION,CODIGO_PRESTACION,ID_ESPECIALIDAD,ID_TIPO_PRESTACION) VALUES ('Yvonne',14126,'assa',12,12);
INSERT INTO PRESTACION (NOM_PRESTACION,PRECIO_PRESTACION,CODIGO_PRESTACION,ID_ESPECIALIDAD,ID_TIPO_PRESTACION) VALUES ('Gareth',16535,'Nunc',13,13);
INSERT INTO PRESTACION (NOM_PRESTACION,PRECIO_PRESTACION,CODIGO_PRESTACION,ID_ESPECIALIDAD,ID_TIPO_PRESTACION) VALUES ('Sylvia',49478,'dolor',14,14);
INSERT INTO PRESTACION (NOM_PRESTACION,PRECIO_PRESTACION,CODIGO_PRESTACION,ID_ESPECIALIDAD,ID_TIPO_PRESTACION) VALUES ('Illiana',43315,'auris',15,15);
INSERT INTO PRESTACION (NOM_PRESTACION,PRECIO_PRESTACION,CODIGO_PRESTACION,ID_ESPECIALIDAD,ID_TIPO_PRESTACION) VALUES ('Blythe',34396,'Donec',16,16);
INSERT INTO PRESTACION (NOM_PRESTACION,PRECIO_PRESTACION,CODIGO_PRESTACION,ID_ESPECIALIDAD,ID_TIPO_PRESTACION) VALUES ('Elton',165390,'ut',17,17);
INSERT INTO PRESTACION (NOM_PRESTACION,PRECIO_PRESTACION,CODIGO_PRESTACION,ID_ESPECIALIDAD,ID_TIPO_PRESTACION) VALUES ('Kermit',92646,'lectus',18,18);
INSERT INTO PRESTACION (NOM_PRESTACION,PRECIO_PRESTACION,CODIGO_PRESTACION,ID_ESPECIALIDAD,ID_TIPO_PRESTACION) VALUES ('Jolene',91934,'Proin',19,19);
INSERT INTO PRESTACION (NOM_PRESTACION,PRECIO_PRESTACION,CODIGO_PRESTACION,ID_ESPECIALIDAD,ID_TIPO_PRESTACION) VALUES ('Arden',67617,'a,',20,20);

INSERT INTO EQUIPO_REQ (CANTIDAD,ID_TIPO_EQUIPO,ID_PRESTACION) VALUES (597,1,1);
INSERT INTO EQUIPO_REQ (CANTIDAD,ID_TIPO_EQUIPO,ID_PRESTACION) VALUES (97,2,2);
INSERT INTO EQUIPO_REQ (CANTIDAD,ID_TIPO_EQUIPO,ID_PRESTACION) VALUES (562,3,3);
INSERT INTO EQUIPO_REQ (CANTIDAD,ID_TIPO_EQUIPO,ID_PRESTACION) VALUES (412,4,4);
INSERT INTO EQUIPO_REQ (CANTIDAD,ID_TIPO_EQUIPO,ID_PRESTACION) VALUES (830,5,5);
INSERT INTO EQUIPO_REQ (CANTIDAD,ID_TIPO_EQUIPO,ID_PRESTACION) VALUES (717,6,6);
INSERT INTO EQUIPO_REQ (CANTIDAD,ID_TIPO_EQUIPO,ID_PRESTACION) VALUES (335,7,7);
INSERT INTO EQUIPO_REQ (CANTIDAD,ID_TIPO_EQUIPO,ID_PRESTACION) VALUES (455,8,8);
INSERT INTO EQUIPO_REQ (CANTIDAD,ID_TIPO_EQUIPO,ID_PRESTACION) VALUES (618,9,9);
INSERT INTO EQUIPO_REQ (CANTIDAD,ID_TIPO_EQUIPO,ID_PRESTACION) VALUES (299,10,10);
INSERT INTO EQUIPO_REQ (CANTIDAD,ID_TIPO_EQUIPO,ID_PRESTACION) VALUES (447,11,11);
INSERT INTO EQUIPO_REQ (CANTIDAD,ID_TIPO_EQUIPO,ID_PRESTACION) VALUES (816,12,12);
INSERT INTO EQUIPO_REQ (CANTIDAD,ID_TIPO_EQUIPO,ID_PRESTACION) VALUES (496,13,13);
INSERT INTO EQUIPO_REQ (CANTIDAD,ID_TIPO_EQUIPO,ID_PRESTACION) VALUES (584,14,14);
INSERT INTO EQUIPO_REQ (CANTIDAD,ID_TIPO_EQUIPO,ID_PRESTACION) VALUES (952,15,15);
INSERT INTO EQUIPO_REQ (CANTIDAD,ID_TIPO_EQUIPO,ID_PRESTACION) VALUES (833,16,16);
INSERT INTO EQUIPO_REQ (CANTIDAD,ID_TIPO_EQUIPO,ID_PRESTACION) VALUES (948,17,17);
INSERT INTO EQUIPO_REQ (CANTIDAD,ID_TIPO_EQUIPO,ID_PRESTACION) VALUES (394,18,18);
INSERT INTO EQUIPO_REQ (CANTIDAD,ID_TIPO_EQUIPO,ID_PRESTACION) VALUES (18,19,19);
INSERT INTO EQUIPO_REQ (CANTIDAD,ID_TIPO_EQUIPO,ID_PRESTACION) VALUES (191,20,20);

INSERT INTO INVENTARIO (CANT_BODEGA,ID_TIPO_EQUIPO) VALUES (64,1);
INSERT INTO INVENTARIO (CANT_BODEGA,ID_TIPO_EQUIPO) VALUES (8,2);
INSERT INTO INVENTARIO (CANT_BODEGA,ID_TIPO_EQUIPO) VALUES (77,3);
INSERT INTO INVENTARIO (CANT_BODEGA,ID_TIPO_EQUIPO) VALUES (20,4);
INSERT INTO INVENTARIO (CANT_BODEGA,ID_TIPO_EQUIPO) VALUES (71,5);
INSERT INTO INVENTARIO (CANT_BODEGA,ID_TIPO_EQUIPO) VALUES (57,6);
INSERT INTO INVENTARIO (CANT_BODEGA,ID_TIPO_EQUIPO) VALUES (86,7);
INSERT INTO INVENTARIO (CANT_BODEGA,ID_TIPO_EQUIPO) VALUES (12,8);
INSERT INTO INVENTARIO (CANT_BODEGA,ID_TIPO_EQUIPO) VALUES (72,9);
INSERT INTO INVENTARIO (CANT_BODEGA,ID_TIPO_EQUIPO) VALUES (45,10);
INSERT INTO INVENTARIO (CANT_BODEGA,ID_TIPO_EQUIPO) VALUES (100,11);
INSERT INTO INVENTARIO (CANT_BODEGA,ID_TIPO_EQUIPO) VALUES (98,12);
INSERT INTO INVENTARIO (CANT_BODEGA,ID_TIPO_EQUIPO) VALUES (2,13);
INSERT INTO INVENTARIO (CANT_BODEGA,ID_TIPO_EQUIPO) VALUES (66,14);
INSERT INTO INVENTARIO (CANT_BODEGA,ID_TIPO_EQUIPO) VALUES (63,15);
INSERT INTO INVENTARIO (CANT_BODEGA,ID_TIPO_EQUIPO) VALUES (54,16);
INSERT INTO INVENTARIO (CANT_BODEGA,ID_TIPO_EQUIPO) VALUES (20,17);
INSERT INTO INVENTARIO (CANT_BODEGA,ID_TIPO_EQUIPO) VALUES (13,18);
INSERT INTO INVENTARIO (CANT_BODEGA,ID_TIPO_EQUIPO) VALUES (19,19);
INSERT INTO INVENTARIO (CANT_BODEGA,ID_TIPO_EQUIPO) VALUES (20,20);

/*
INSERT INTO TURNO (NOMBRE_TURNO,NUMHORA_INI,NUMMINU_INI,NUMHORA_FIN,NUMMINU_FIN) VALUES ('Phasellus',08,00,18,00);
INSERT INTO TURNO (NOMBRE_TURNO,NUMHORA_INI,NUMMINU_INI,NUMHORA_FIN,NUMMINU_FIN) VALUES ('nec',08,00,18,00);
INSERT INTO TURNO (NOMBRE_TURNO,NUMHORA_INI,NUMMINU_INI,NUMHORA_FIN,NUMMINU_FIN) VALUES ('bibendum.',08,00,18,00);
INSERT INTO TURNO (NOMBRE_TURNO,NUMHORA_INI,NUMMINU_INI,NUMHORA_FIN,NUMMINU_FIN) VALUES ('enim.',08,00,18,00);
INSERT INTO TURNO (NOMBRE_TURNO,NUMHORA_INI,NUMMINU_INI,NUMHORA_FIN,NUMMINU_FIN) VALUES ('at',08,00,18,00);
INSERT INTO TURNO (NOMBRE_TURNO,NUMHORA_INI,NUMMINU_INI,NUMHORA_FIN,NUMMINU_FIN) VALUES ('Nunc',08,00,18,00);
INSERT INTO TURNO (NOMBRE_TURNO,NUMHORA_INI,NUMMINU_INI,NUMHORA_FIN,NUMMINU_FIN) VALUES ('sed',08,00,18,00);
INSERT INTO TURNO (NOMBRE_TURNO,NUMHORA_INI,NUMMINU_INI,NUMHORA_FIN,NUMMINU_FIN) VALUES ('lacus.',08,00,18,00);
INSERT INTO TURNO (NOMBRE_TURNO,NUMHORA_INI,NUMMINU_INI,NUMHORA_FIN,NUMMINU_FIN) VALUES ('ornare.',08,00,18,00);
INSERT INTO TURNO (NOMBRE_TURNO,NUMHORA_INI,NUMMINU_INI,NUMHORA_FIN,NUMMINU_FIN) VALUES ('pharetra.',08,00,18,00);
INSERT INTO TURNO (NOMBRE_TURNO,NUMHORA_INI,NUMMINU_INI,NUMHORA_FIN,NUMMINU_FIN) VALUES ('lobortis',08,00,18,00);
INSERT INTO TURNO (NOMBRE_TURNO,NUMHORA_INI,NUMMINU_INI,NUMHORA_FIN,NUMMINU_FIN) VALUES ('porttitor',08,00,18,00);
INSERT INTO TURNO (NOMBRE_TURNO,NUMHORA_INI,NUMMINU_INI,NUMHORA_FIN,NUMMINU_FIN) VALUES ('semper',08,00,18,00);
INSERT INTO TURNO (NOMBRE_TURNO,NUMHORA_INI,NUMMINU_INI,NUMHORA_FIN,NUMMINU_FIN) VALUES ('Pellentesque',08,00,18,00);
INSERT INTO TURNO (NOMBRE_TURNO,NUMHORA_INI,NUMMINU_INI,NUMHORA_FIN,NUMMINU_FIN) VALUES ('sem',08,00,18,00);
INSERT INTO TURNO (NOMBRE_TURNO,NUMHORA_INI,NUMMINU_INI,NUMHORA_FIN,NUMMINU_FIN) VALUES ('est,',08,00,18,00);
INSERT INTO TURNO (NOMBRE_TURNO,NUMHORA_INI,NUMMINU_INI,NUMHORA_FIN,NUMMINU_FIN) VALUES ('commodo',08,00,18,00);
INSERT INTO TURNO (NOMBRE_TURNO,NUMHORA_INI,NUMMINU_INI,NUMHORA_FIN,NUMMINU_FIN) VALUES ('at',08,00,18,00);
INSERT INTO TURNO (NOMBRE_TURNO,NUMHORA_INI,NUMMINU_INI,NUMHORA_FIN,NUMMINU_FIN) VALUES ('parturient',08,00,18,00);
INSERT INTO TURNO (NOMBRE_TURNO,NUMHORA_INI,NUMMINU_INI,NUMHORA_FIN,NUMMINU_FIN) VALUES ('vitae',08,00,18,00);
*/

INSERT INTO PERS_MEDICO (ID_ESPECIALIDAD,ID_PERSONAL,ID_TURNO) VALUES (1,1,1);
INSERT INTO PERS_MEDICO (ID_ESPECIALIDAD,ID_PERSONAL,ID_TURNO) VALUES (2,2,2);
INSERT INTO PERS_MEDICO (ID_ESPECIALIDAD,ID_PERSONAL,ID_TURNO) VALUES (3,3,3);
INSERT INTO PERS_MEDICO (ID_ESPECIALIDAD,ID_PERSONAL,ID_TURNO) VALUES (4,4,4);
INSERT INTO PERS_MEDICO (ID_ESPECIALIDAD,ID_PERSONAL,ID_TURNO) VALUES (5,5,5);
INSERT INTO PERS_MEDICO (ID_ESPECIALIDAD,ID_PERSONAL,ID_TURNO) VALUES (6,6,6);
INSERT INTO PERS_MEDICO (ID_ESPECIALIDAD,ID_PERSONAL,ID_TURNO) VALUES (7,7,7);
INSERT INTO PERS_MEDICO (ID_ESPECIALIDAD,ID_PERSONAL,ID_TURNO) VALUES (8,8,8);
INSERT INTO PERS_MEDICO (ID_ESPECIALIDAD,ID_PERSONAL,ID_TURNO) VALUES (9,9,9);
INSERT INTO PERS_MEDICO (ID_ESPECIALIDAD,ID_PERSONAL,ID_TURNO) VALUES (10,10,10);
INSERT INTO PERS_MEDICO (ID_ESPECIALIDAD,ID_PERSONAL,ID_TURNO) VALUES (11,11,11);
INSERT INTO PERS_MEDICO (ID_ESPECIALIDAD,ID_PERSONAL,ID_TURNO) VALUES (12,12,12);
INSERT INTO PERS_MEDICO (ID_ESPECIALIDAD,ID_PERSONAL,ID_TURNO) VALUES (13,13,13);
INSERT INTO PERS_MEDICO (ID_ESPECIALIDAD,ID_PERSONAL,ID_TURNO) VALUES (14,14,14);
INSERT INTO PERS_MEDICO (ID_ESPECIALIDAD,ID_PERSONAL,ID_TURNO) VALUES (15,15,15);
INSERT INTO PERS_MEDICO (ID_ESPECIALIDAD,ID_PERSONAL,ID_TURNO) VALUES (16,16,16);
INSERT INTO PERS_MEDICO (ID_ESPECIALIDAD,ID_PERSONAL,ID_TURNO) VALUES (17,17,17);
INSERT INTO PERS_MEDICO (ID_ESPECIALIDAD,ID_PERSONAL,ID_TURNO) VALUES (18,18,18);
INSERT INTO PERS_MEDICO (ID_ESPECIALIDAD,ID_PERSONAL,ID_TURNO) VALUES (19,19,19);
INSERT INTO PERS_MEDICO (ID_ESPECIALIDAD,ID_PERSONAL,ID_TURNO) VALUES (20,20,20);

INSERT INTO ATENCION_AGEN (OBSERVACIONES,ID_PACIENTE,ID_PERSONAL_MEDICO,ID_PAGO,ID_PRESTACION,FECHOR,ID_ESTADO_ATEN) VALUES ('Lorem ipsum dolor sit amet, consectetuer adipiscing elit. Curabitur sed tortor. Integer aliquam',1,1,1,1,TO_DATE('01/28/2016 08:00','MM/DD/YYYY HH24:MI'),1);
INSERT INTO ATENCION_AGEN (OBSERVACIONES,ID_PACIENTE,ID_PERSONAL_MEDICO,ID_PAGO,ID_PRESTACION,FECHOR,ID_ESTADO_ATEN) VALUES ('Lorem ipsum dolor sit amet, consectetuer',2,2,2,2,TO_DATE('02/14/2016 08:00','MM/DD/YYYY HH24:MI'),2);
INSERT INTO ATENCION_AGEN (OBSERVACIONES,ID_PACIENTE,ID_PERSONAL_MEDICO,ID_PAGO,ID_PRESTACION,FECHOR,ID_ESTADO_ATEN) VALUES ('Lorem ipsum dolor sit amet, consectetuer adipiscing elit. Curabitur sed tortor. Integer aliquam adipiscing lacus. Ut nec',3,3,3,3,TO_DATE('03/03/2016 08:00','MM/DD/YYYY HH24:MI'),3);
INSERT INTO ATENCION_AGEN (OBSERVACIONES,ID_PACIENTE,ID_PERSONAL_MEDICO,ID_PAGO,ID_PRESTACION,FECHOR,ID_ESTADO_ATEN) VALUES ('Lorem ipsum dolor sit amet, consectetuer adipiscing elit. Curabitur',4,4,4,4,TO_DATE('03/09/2016 08:00','MM/DD/YYYY HH24:MI'),4);
INSERT INTO ATENCION_AGEN (OBSERVACIONES,ID_PACIENTE,ID_PERSONAL_MEDICO,ID_PAGO,ID_PRESTACION,FECHOR,ID_ESTADO_ATEN) VALUES ('Lorem ipsum dolor sit amet, consectetuer adipiscing elit. Curabitur',5,5,5,5,TO_DATE('03/14/2016 08:00','MM/DD/YYYY HH24:MI'),5);
INSERT INTO ATENCION_AGEN (OBSERVACIONES,ID_PACIENTE,ID_PERSONAL_MEDICO,ID_PAGO,ID_PRESTACION,FECHOR,ID_ESTADO_ATEN) VALUES ('Lorem ipsum dolor sit amet, consectetuer adipiscing elit. Curabitur sed tortor. Integer aliquam adipiscing lacus. Ut nec',6,6,6,6,TO_DATE('04/07/2016 08:00','MM/DD/YYYY HH24:MI'),6);
INSERT INTO ATENCION_AGEN (OBSERVACIONES,ID_PACIENTE,ID_PERSONAL_MEDICO,ID_PAGO,ID_PRESTACION,FECHOR,ID_ESTADO_ATEN) VALUES ('Lorem ipsum dolor sit amet, consectetuer adipiscing elit.',7,7,7,7,TO_DATE('04/29/2016 08:00','MM/DD/YYYY HH24:MI'),7);
INSERT INTO ATENCION_AGEN (OBSERVACIONES,ID_PACIENTE,ID_PERSONAL_MEDICO,ID_PAGO,ID_PRESTACION,FECHOR,ID_ESTADO_ATEN) VALUES ('Lorem ipsum dolor sit',8,8,8,8,TO_DATE('05/29/2016 08:00','MM/DD/YYYY HH24:MI'),8);
INSERT INTO ATENCION_AGEN (OBSERVACIONES,ID_PACIENTE,ID_PERSONAL_MEDICO,ID_PAGO,ID_PRESTACION,FECHOR,ID_ESTADO_ATEN) VALUES ('Lorem ipsum dolor sit amet, consectetuer adipiscing elit. Curabitur sed tortor. Integer aliquam',9,9,9,9,TO_DATE('06/28/2016 08:00','MM/DD/YYYY HH24:MI'),9);
INSERT INTO ATENCION_AGEN (OBSERVACIONES,ID_PACIENTE,ID_PERSONAL_MEDICO,ID_PAGO,ID_PRESTACION,FECHOR,ID_ESTADO_ATEN) VALUES ('Lorem ipsum dolor sit amet, consectetuer adipiscing elit. Curabitur sed tortor. Integer aliquam adipiscing lacus. Ut nec urna et',10,10,10,10,TO_DATE('06/30/2016 08:00','MM/DD/YYYY HH24:MI'),10);
INSERT INTO ATENCION_AGEN (OBSERVACIONES,ID_PACIENTE,ID_PERSONAL_MEDICO,ID_PAGO,ID_PRESTACION,FECHOR,ID_ESTADO_ATEN) VALUES ('Lorem ipsum dolor sit amet, consectetuer adipiscing elit. Curabitur sed',11,11,11,11,TO_DATE('07/02/2016 08:00','MM/DD/YYYY HH24:MI'),11);
INSERT INTO ATENCION_AGEN (OBSERVACIONES,ID_PACIENTE,ID_PERSONAL_MEDICO,ID_PAGO,ID_PRESTACION,FECHOR,ID_ESTADO_ATEN) VALUES ('Lorem ipsum dolor sit amet, consectetuer adipiscing elit. Curabitur',12,12,12,12,TO_DATE('08/10/2016 08:00','MM/DD/YYYY HH24:MI'),12);
INSERT INTO ATENCION_AGEN (OBSERVACIONES,ID_PACIENTE,ID_PERSONAL_MEDICO,ID_PAGO,ID_PRESTACION,FECHOR,ID_ESTADO_ATEN) VALUES ('Lorem',13,13,13,13,TO_DATE('09/11/2016 08:00','MM/DD/YYYY HH24:MI'),13);
INSERT INTO ATENCION_AGEN (OBSERVACIONES,ID_PACIENTE,ID_PERSONAL_MEDICO,ID_PAGO,ID_PRESTACION,FECHOR,ID_ESTADO_ATEN) VALUES ('Lorem ipsum dolor sit amet, consectetuer adipiscing elit. Curabitur sed tortor. Integer aliquam adipiscing lacus. Ut nec urna et',14,14,14,14,TO_DATE('10/22/2016 08:00','MM/DD/YYYY HH24:MI'),14);
INSERT INTO ATENCION_AGEN (OBSERVACIONES,ID_PACIENTE,ID_PERSONAL_MEDICO,ID_PAGO,ID_PRESTACION,FECHOR,ID_ESTADO_ATEN) VALUES ('Lorem',15,15,15,15,TO_DATE('10/28/2016 08:00','MM/DD/YYYY HH24:MI'),15);
INSERT INTO ATENCION_AGEN (OBSERVACIONES,ID_PACIENTE,ID_PERSONAL_MEDICO,ID_PAGO,ID_PRESTACION,FECHOR,ID_ESTADO_ATEN) VALUES ('Lorem ipsum dolor sit amet, consectetuer adipiscing elit. Curabitur sed tortor. Integer aliquam adipiscing lacus. Ut nec',16,16,16,16,TO_DATE('10/29/2016 08:00','MM/DD/YYYY HH24:MI'),16);
INSERT INTO ATENCION_AGEN (OBSERVACIONES,ID_PACIENTE,ID_PERSONAL_MEDICO,ID_PAGO,ID_PRESTACION,FECHOR,ID_ESTADO_ATEN) VALUES ('Lorem ipsum dolor sit amet, consectetuer adipiscing',17,17,17,17,TO_DATE('11/02/2016 08:00','MM/DD/YYYY HH24:MI'),17);
INSERT INTO ATENCION_AGEN (OBSERVACIONES,ID_PACIENTE,ID_PERSONAL_MEDICO,ID_PAGO,ID_PRESTACION,FECHOR,ID_ESTADO_ATEN) VALUES ('Lorem ipsum dolor sit amet, consectetuer adipiscing elit. Curabitur sed',18,18,18,18,TO_DATE('11/10/2016 08:00','MM/DD/YYYY HH24:MI'),18);
INSERT INTO ATENCION_AGEN (OBSERVACIONES,ID_PACIENTE,ID_PERSONAL_MEDICO,ID_PAGO,ID_PRESTACION,FECHOR,ID_ESTADO_ATEN) VALUES ('Lorem ipsum dolor sit amet, consectetuer adipiscing elit. Curabitur sed tortor. Integer aliquam',19,19,19,19,TO_DATE('12/23/2016 08:00','MM/DD/YYYY HH24:MI'),19);
INSERT INTO ATENCION_AGEN (OBSERVACIONES,ID_PACIENTE,ID_PERSONAL_MEDICO,ID_PAGO,ID_PRESTACION,FECHOR,ID_ESTADO_ATEN) VALUES ('Lorem ipsum dolor sit amet, consectetuer adipiscing elit. Curabitur sed tortor. Integer aliquam',20,20,20,20,TO_DATE('12/29/2016 08:00','MM/DD/YYYY HH24:MI'),20);

INSERT INTO RES_ATENCION (ATENCION_ABIERTA,COMENTARIO,ID_ATENCION_AGEN,ID_ORDEN_ANALISIS,ID_PERSONAL_MEDICO) VALUES (0,'mauris sit amet',1,1,1);
INSERT INTO RES_ATENCION (ATENCION_ABIERTA,COMENTARIO,ID_ATENCION_AGEN,ID_ORDEN_ANALISIS,ID_PERSONAL_MEDICO) VALUES (1,'Fusce dolor quam,',2,2,2);
INSERT INTO RES_ATENCION (ATENCION_ABIERTA,COMENTARIO,ID_ATENCION_AGEN,ID_ORDEN_ANALISIS,ID_PERSONAL_MEDICO) VALUES (0,'mi enim, condimentum',3,3,3);
INSERT INTO RES_ATENCION (ATENCION_ABIERTA,COMENTARIO,ID_ATENCION_AGEN,ID_ORDEN_ANALISIS,ID_PERSONAL_MEDICO) VALUES (0,'non enim commodo',4,4,4);
INSERT INTO RES_ATENCION (ATENCION_ABIERTA,COMENTARIO,ID_ATENCION_AGEN,ID_ORDEN_ANALISIS,ID_PERSONAL_MEDICO) VALUES (0,'tristique senectus et',5,5,5);
INSERT INTO RES_ATENCION (ATENCION_ABIERTA,COMENTARIO,ID_ATENCION_AGEN,ID_ORDEN_ANALISIS,ID_PERSONAL_MEDICO) VALUES (1,'tempor arcu. Vestibulum',6,6,6);
INSERT INTO RES_ATENCION (ATENCION_ABIERTA,COMENTARIO,ID_ATENCION_AGEN,ID_ORDEN_ANALISIS,ID_PERSONAL_MEDICO) VALUES (1,'montes, nascetur ridiculus',7,7,7);
INSERT INTO RES_ATENCION (ATENCION_ABIERTA,COMENTARIO,ID_ATENCION_AGEN,ID_ORDEN_ANALISIS,ID_PERSONAL_MEDICO) VALUES (1,'Pellentesque habitant morbi',8,8,8);
INSERT INTO RES_ATENCION (ATENCION_ABIERTA,COMENTARIO,ID_ATENCION_AGEN,ID_ORDEN_ANALISIS,ID_PERSONAL_MEDICO) VALUES (0,'Donec nibh. Quisque',9,9,9);
INSERT INTO RES_ATENCION (ATENCION_ABIERTA,COMENTARIO,ID_ATENCION_AGEN,ID_ORDEN_ANALISIS,ID_PERSONAL_MEDICO) VALUES (0,'Morbi quis urna.',10,10,10);
INSERT INTO RES_ATENCION (ATENCION_ABIERTA,COMENTARIO,ID_ATENCION_AGEN,ID_ORDEN_ANALISIS,ID_PERSONAL_MEDICO) VALUES (0,'convallis ligula. Donec',11,11,11);
INSERT INTO RES_ATENCION (ATENCION_ABIERTA,COMENTARIO,ID_ATENCION_AGEN,ID_ORDEN_ANALISIS,ID_PERSONAL_MEDICO) VALUES (1,'felis ullamcorper viverra.',12,12,12);
INSERT INTO RES_ATENCION (ATENCION_ABIERTA,COMENTARIO,ID_ATENCION_AGEN,ID_ORDEN_ANALISIS,ID_PERSONAL_MEDICO) VALUES (0,'Curae; Donec tincidunt.',13,13,13);
INSERT INTO RES_ATENCION (ATENCION_ABIERTA,COMENTARIO,ID_ATENCION_AGEN,ID_ORDEN_ANALISIS,ID_PERSONAL_MEDICO) VALUES (1,'placerat. Cras dictum',14,14,14);
INSERT INTO RES_ATENCION (ATENCION_ABIERTA,COMENTARIO,ID_ATENCION_AGEN,ID_ORDEN_ANALISIS,ID_PERSONAL_MEDICO) VALUES (1,'nibh vulputate mauris',15,15,15);
INSERT INTO RES_ATENCION (ATENCION_ABIERTA,COMENTARIO,ID_ATENCION_AGEN,ID_ORDEN_ANALISIS,ID_PERSONAL_MEDICO) VALUES (1,'Cras convallis convallis',16,16,16);
INSERT INTO RES_ATENCION (ATENCION_ABIERTA,COMENTARIO,ID_ATENCION_AGEN,ID_ORDEN_ANALISIS,ID_PERSONAL_MEDICO) VALUES (1,'lorem. Donec elementum,',17,17,17);
INSERT INTO RES_ATENCION (ATENCION_ABIERTA,COMENTARIO,ID_ATENCION_AGEN,ID_ORDEN_ANALISIS,ID_PERSONAL_MEDICO) VALUES (1,'Ut semper pretium',18,18,18);
INSERT INTO RES_ATENCION (ATENCION_ABIERTA,COMENTARIO,ID_ATENCION_AGEN,ID_ORDEN_ANALISIS,ID_PERSONAL_MEDICO) VALUES (0,'libero mauris, aliquam',19,19,19);
INSERT INTO RES_ATENCION (ATENCION_ABIERTA,COMENTARIO,ID_ATENCION_AGEN,ID_ORDEN_ANALISIS,ID_PERSONAL_MEDICO) VALUES (1,'dictum. Proin eget',20,20,20);

/*
INSERT INTO ARCHIVO (FILE_URI,ID_RESULTADO_ATENCION,EXTENSION) VALUES ('mauris',1,'pdf');
INSERT INTO ARCHIVO (FILE_URI,ID_RESULTADO_ATENCION,EXTENSION) VALUES ('Vivamu',2,'pdf');
INSERT INTO ARCHIVO (FILE_URI,ID_RESULTADO_ATENCION,EXTENSION) VALUES ('ultrices.',3,'pdf');
INSERT INTO ARCHIVO (FILE_URI,ID_RESULTADO_ATENCION,EXTENSION) VALUES ('Vivam',4,'pdf');
INSERT INTO ARCHIVO (FILE_URI,ID_RESULTADO_ATENCION,EXTENSION) VALUES ('Nam',5,'pdf');
INSERT INTO ARCHIVO (FILE_URI,ID_RESULTADO_ATENCION,EXTENSION) VALUES ('purus.',6,'pdf');
INSERT INTO ARCHIVO (FILE_URI,ID_RESULTADO_ATENCION,EXTENSION) VALUES ('gravida',7,'pdf');
INSERT INTO ARCHIVO (FILE_URI,ID_RESULTADO_ATENCION,EXTENSION) VALUES ('Proi',8,'pdf');
INSERT INTO ARCHIVO (FILE_URI,ID_RESULTADO_ATENCION,EXTENSION) VALUES ('Morbi',9,'pdf');
INSERT INTO ARCHIVO (FILE_URI,ID_RESULTADO_ATENCION,EXTENSION) VALUES ('malesuada',10,'pdf');
INSERT INTO ARCHIVO (FILE_URI,ID_RESULTADO_ATENCION,EXTENSION) VALUES ('vitae,',11,'pdf');
INSERT INTO ARCHIVO (FILE_URI,ID_RESULTADO_ATENCION,EXTENSION) VALUES ('vel',12,'pdf');
INSERT INTO ARCHIVO (FILE_URI,ID_RESULTADO_ATENCION,EXTENSION) VALUES ('dictum',13,'pdf');
INSERT INTO ARCHIVO (FILE_URI,ID_RESULTADO_ATENCION,EXTENSION) VALUES ('lobortis.',14,'pdf');
INSERT INTO ARCHIVO (FILE_URI,ID_RESULTADO_ATENCION,EXTENSION) VALUES ('Cras',15,'pdf');
INSERT INTO ARCHIVO (FILE_URI,ID_RESULTADO_ATENCION,EXTENSION) VALUES ('aaa',16,'pdf');
INSERT INTO ARCHIVO (FILE_URI,ID_RESULTADO_ATENCION,EXTENSION) VALUES ('lacus',17,'pdf');
INSERT INTO ARCHIVO (FILE_URI,ID_RESULTADO_ATENCION,EXTENSION) VALUES ('enim',18,'pdf');
INSERT INTO ARCHIVO (FILE_URI,ID_RESULTADO_ATENCION,EXTENSION) VALUES ('scelerisque',19,'pdf');
INSERT INTO ARCHIVO (FILE_URI,ID_RESULTADO_ATENCION,EXTENSION) VALUES ('augue',20,'pdf');
*/

iNSERT INTO BANCO (NOMBRE) VALUES ('Macria');
INSERT INTO BANCO (NOMBRE) VALUES ('Microsoft');
INSERT INTO BANCO (NOMBRE) VALUES ('Cakewalk');
INSERT INTO BANCO (NOMBRE) VALUES ('Apple Systems');
INSERT INTO BANCO (NOMBRE) VALUES ('Borland');
INSERT INTO BANCO (NOMBRE) VALUES ('Paris');
INSERT INTO BANCO (NOMBRE) VALUES ('Alvista');
INSERT INTO BANCO (NOMBRE) VALUES ('Silius');
INSERT INTO BANCO (NOMBRE) VALUES ('Yao');
INSERT INTO BANCO (NOMBRE) VALUES ('Gole');
INSERT INTO BANCO (NOMBRE) VALUES ('Lavaft');
INSERT INTO BANCO (NOMBRE) VALUES ('Rile');
INSERT INTO BANCO (NOMBRE) VALUES ('Chami');
INSERT INTO BANCO (NOMBRE) VALUES ('Yahoo');
INSERT INTO BANCO (NOMBRE) VALUES ('Sibelius');
INSERT INTO BANCO (NOMBRE) VALUES ('Lavasoft');
INSERT INTO BANCO (NOMBRE) VALUES ('Macromedia');
INSERT INTO BANCO (NOMBRE) VALUES ('Altavista');
INSERT INTO BANCO (NOMBRE) VALUES ('Google');
INSERT INTO BANCO (NOMBRE) VALUES ('Lycos');

INSERT INTO TIPO_C_BANCARIA (NOM_C_BANCARIA) VALUES ('Vista');
INSERT INTO TIPO_C_BANCARIA (NOM_C_BANCARIA) VALUES ('Corriente');
INSERT INTO TIPO_C_BANCARIA (NOM_C_BANCARIA) VALUES ('Ahorro');

INSERT INTO CUEN_BANCARIA (ID_PERS_MEDICO,ID_TIPO_C_BANCARIA,NUM_C_BANCARIA,ID_BANCO) VALUES (1,1,'479092',1);
INSERT INTO CUEN_BANCARIA (ID_PERS_MEDICO,ID_TIPO_C_BANCARIA,NUM_C_BANCARIA,ID_BANCO) VALUES (2,2,'628564',2);
INSERT INTO CUEN_BANCARIA (ID_PERS_MEDICO,ID_TIPO_C_BANCARIA,NUM_C_BANCARIA,ID_BANCO) VALUES (3,3,'607421',3);
INSERT INTO CUEN_BANCARIA (ID_PERS_MEDICO,ID_TIPO_C_BANCARIA,NUM_C_BANCARIA,ID_BANCO) VALUES (4,4,'448347',4);
INSERT INTO CUEN_BANCARIA (ID_PERS_MEDICO,ID_TIPO_C_BANCARIA,NUM_C_BANCARIA,ID_BANCO) VALUES (5,5,'670953',5);
INSERT INTO CUEN_BANCARIA (ID_PERS_MEDICO,ID_TIPO_C_BANCARIA,NUM_C_BANCARIA,ID_BANCO) VALUES (6,6,'957018',6);
INSERT INTO CUEN_BANCARIA (ID_PERS_MEDICO,ID_TIPO_C_BANCARIA,NUM_C_BANCARIA,ID_BANCO) VALUES (7,7,'156868',7);
INSERT INTO CUEN_BANCARIA (ID_PERS_MEDICO,ID_TIPO_C_BANCARIA,NUM_C_BANCARIA,ID_BANCO) VALUES (8,8,'879267',8);
INSERT INTO CUEN_BANCARIA (ID_PERS_MEDICO,ID_TIPO_C_BANCARIA,NUM_C_BANCARIA,ID_BANCO) VALUES (9,9,'178710',9);
INSERT INTO CUEN_BANCARIA (ID_PERS_MEDICO,ID_TIPO_C_BANCARIA,NUM_C_BANCARIA,ID_BANCO) VALUES (10,10,'439117',10);
INSERT INTO CUEN_BANCARIA (ID_PERS_MEDICO,ID_TIPO_C_BANCARIA,NUM_C_BANCARIA,ID_BANCO) VALUES (11,11,'406238',11);
INSERT INTO CUEN_BANCARIA (ID_PERS_MEDICO,ID_TIPO_C_BANCARIA,NUM_C_BANCARIA,ID_BANCO) VALUES (12,12,'861179',12);
INSERT INTO CUEN_BANCARIA (ID_PERS_MEDICO,ID_TIPO_C_BANCARIA,NUM_C_BANCARIA,ID_BANCO) VALUES (13,13,'270895',13);
INSERT INTO CUEN_BANCARIA (ID_PERS_MEDICO,ID_TIPO_C_BANCARIA,NUM_C_BANCARIA,ID_BANCO) VALUES (14,14,'492780',14);
INSERT INTO CUEN_BANCARIA (ID_PERS_MEDICO,ID_TIPO_C_BANCARIA,NUM_C_BANCARIA,ID_BANCO) VALUES (15,15,'773562',15);
INSERT INTO CUEN_BANCARIA (ID_PERS_MEDICO,ID_TIPO_C_BANCARIA,NUM_C_BANCARIA,ID_BANCO) VALUES (16,16,'544162',16);
INSERT INTO CUEN_BANCARIA (ID_PERS_MEDICO,ID_TIPO_C_BANCARIA,NUM_C_BANCARIA,ID_BANCO) VALUES (17,17,'825014',17);
INSERT INTO CUEN_BANCARIA (ID_PERS_MEDICO,ID_TIPO_C_BANCARIA,NUM_C_BANCARIA,ID_BANCO) VALUES (18,18,'769788',18);
INSERT INTO CUEN_BANCARIA (ID_PERS_MEDICO,ID_TIPO_C_BANCARIA,NUM_C_BANCARIA,ID_BANCO) VALUES (19,19,'552466',19);
INSERT INTO CUEN_BANCARIA (ID_PERS_MEDICO,ID_TIPO_C_BANCARIA,NUM_C_BANCARIA,ID_BANCO) VALUES (20,20,'483016',20);

commit;