ALTER SESSION SET NLS_DATE_FORMAT = 'MM/DD/YYYY HH24:MI:SS';
ALTER SESSION SET NLS_LANGUAGE = 'MEXICAN SPANISH';
ALTER SESSION SET NLS_TERRITORY  = 'MEXICO';


CREATE TABLE ASEGURADORA
(
	ID_ASEGURADORA   NUMBER(8) NOT NULL,
	NOM_ASEGURADORA  VARCHAR2(128)
)
;


CREATE TABLE ATENCION_AGEN
(
	ID_ATENCION_AGEN  NUMBER(8) NOT NULL,
	FECHOR            DATE,
	OBSERVACIONES     VARCHAR2(256),
	ID_PACIENTE       NUMBER(8),
	ID_PRESTACION     NUMBER(8),
	ID_ESTADO_ATEN    NUMBER(8),
	ID_PERS_ATIENDE   NUMBER(8) NOT NULL,
	ID_PERS_SOLICITA  NUMBER(8),
	ID_BLOQUE         NUMBER(8) NOT NULL
)
;


CREATE TABLE BANCO
(
	ID_BANCO  NUMBER(8) NOT NULL,
	NOMBRE    VARCHAR2(64)
)
;


CREATE TABLE BLOQUE
(
	ID_BLOQUE     NUMBER(8) NOT NULL,
	NUM_BLOQUE    NUMBER(8) NOT NULL,
	NUM_HORA_INI  NUMBER(2) NOT NULL,
	NUM_MINU_INI  NUMBER(2) NOT NULL,
	NUM_HORA_FIN  NUMBER(2) NOT NULL,
	NUM_MINU_FIN  NUMBER(2) NOT NULL,
	ID_DIA_SEM    NUMBER(8) NOT NULL
)
;


CREATE TABLE BONO
(
	ID_BONO          NUMBER(8) NOT NULL,
	CANT_BONO        NUMBER(8),
	COD_ASEGURADORA  VARCHAR2(50),
	ID_ASEGURADORA   NUMBER(8)
)
;


CREATE TABLE CAJA
(
	ID_CAJA            NUMBER(8) NOT NULL,
	FECHOR_APERTURA    DATE,
	FECHOR_CIERRE      DATE,
	ID_FUNCIONARIO     NUMBER(8),
	CANT_EFECTIVO_INI  NUMBER(8),
	CANT_EFECTIVO_FIN  NUMBER(8),
	CANT_CHEQUE_FIN    NUMBER(8)
)
;


CREATE TABLE CARGO
(
	ID_CARGO_FUNCI  NUMBER(8) NOT NULL,
	NOMBRE_CARGO    VARCHAR2(64)
)
;


CREATE TABLE CUEN_BANCARIA
(
	ID_CUEN_BANCARIA    NUMBER(8) NOT NULL,
	ID_PERS_MEDICO      NUMBER(8),
	ID_TIPO_C_BANCARIA  NUMBER(8),
	NUM_C_BANCARIA      VARCHAR2(64),
	ID_BANCO            NUMBER(8)
)
;


CREATE TABLE DEVOLUCION
(
	ID_DEVOLUCION  NUMBER(8) NOT NULL,
	NOM_TIPO_DEV   VARCHAR2(128)
)
;


CREATE TABLE DIA_SEM
(
	ID_DIA      NUMBER(8) NOT NULL,
	NOMBRE_DIA  VARCHAR2(64)
)
;


CREATE TABLE ENTRADA_FICHA
(
	ID_ENTRADA_FICHA   NUMBER(8) NOT NULL,
	NOMBRE_ENTRADA     VARCHAR2(64),
	CONTENIDO_ENTRADA  VARCHAR2(1028),
	FECHA_ENTRADA      DATE,
	ID_PACIENTE        NUMBER(8),
	ID_TIPO_FICHA      NUMBER(8) NOT NULL
)
;


CREATE TABLE EQUIPO_REQ
(
	ID_EQUIPO_REQ   NUMBER(8) NOT NULL,
	CANTIDAD        NUMBER(8),
	ID_TIPO_EQUIPO  NUMBER(8),
	ID_PRESTACION   NUMBER(8)
)
;


CREATE TABLE ESPECIALIDAD
(
	ID_ESPECIALIDAD   NUMBER(8) NOT NULL,
	NOM_ESPECIALIDAD  VARCHAR2(64)
)
;


CREATE TABLE ESTADO_ATEN
(
	ID_ESTADO_ATEN   NUMBER(8) NOT NULL,
	NOM_ESTADO_ATEN  VARCHAR2(64)
)
;


CREATE TABLE FUNCIONARIO
(
	ID_FUNCIONARIO  NUMBER(8) NOT NULL,
	ID_CARGO_FUNCI  NUMBER(8) NOT NULL,
	ID_PERSONAL     NUMBER(8) NOT NULL
)
;


CREATE TABLE HORARIO
(
	ID_HORARIO      NUMBER(8) NOT NULL,
	ID_BLOQUE       NUMBER(8) NOT NULL,
	ID_PERS_MEDICO  NUMBER(8) NOT NULL
)
;


CREATE TABLE INVENTARIO
(
	ID_INVENTARIO_EQUIPO  NUMBER(8) NOT NULL,
	CANT_BODEGA           NUMBER(8),
	ID_TIPO_EQUIPO        NUMBER(8)
)
;


CREATE TABLE LOGPAGOHONORARIO
(
	IDLOGPAGOHONORARIO  NUMBER(8) NOT NULL,
	TOTAL               NUMBER(8),
	FECHOR              DATE,
	ID_CUEN_BANCARIA    NUMBER(8) NOT NULL
)
;


CREATE TABLE ORDEN_ANALISIS
(
	ID_ORDEN_ANALISIS  NUMBER(8) NOT NULL,
	FECHOR_EMISION     DATE,
	FECHOR_RECEP       DATE
)
;


CREATE TABLE PACIENTE
(
	ID_PACIENTE         NUMBER(8) NOT NULL,
	NOMBRES_PACIENTE    VARCHAR2(64),
	APELLIDOS_PACIENTE  VARCHAR2(64),
	RUT                 NUMBER(9) NOT NULL,
	DIGITO_VERIFICADOR  CHAR(1) NOT NULL,
	HASHED_PASS         VARCHAR2(1080),
	EMAIL_PACIENTE      VARCHAR2(512),
	SEXO                CHAR(1),
	FEC_NAC             DATE,
	ACTIVO              NUMBER(1)
)
;


CREATE TABLE PAGO
(
	ID_PAGO           NUMBER(8) NOT NULL,
	ID_BONO           NUMBER(8),
	ID_CAJA           NUMBER(8),
	ID_DEVOLUCION     NUMBER(8),
	FECHOR            DATE,
	MONTO_PAGO        NUMBER(8),
	ID_ATENCION_AGEN  NUMBER(8) NOT NULL
)
;


CREATE TABLE PERS_MEDICO
(
	ID_PERSONAL_MEDICO  NUMBER(8) NOT NULL,
	ID_ESPECIALIDAD     NUMBER(8),
	ID_PERSONAL         NUMBER(8)
)
;


CREATE TABLE PERSONAL
(
	ID_PERSONAL        NUMBER(8) NOT NULL,
	NOMBRES            VARCHAR2(64),
	APELLIDOS          VARCHAR2(64),
	REMUNERACION       NUMBER(8),
	HASHED_PASS        VARCHAR2(1080),
	PORCENT_DESCUENTO  NUMBER(3),
	RUT                NUMBER(9) NOT NULL,
	VERIFICADOR        CHAR(1) NOT NULL,
	EMAIL              VARCHAR2(512),
	ACTIVO             NUMBER(1) NOT NULL
)
;


CREATE TABLE PRESTACION
(
	ID_PRESTACION       NUMBER(8) NOT NULL,
	NOM_PRESTACION      VARCHAR2(256),
	PRECIO_PRESTACION   NUMBER(8),
	CODIGO_PRESTACION   VARCHAR2(64),
	ID_ESPECIALIDAD     NUMBER(8),
	ID_TIPO_PRESTACION  NUMBER(8),
	ACTIVO              NUMBER(1) NOT NULL
)
;


CREATE TABLE RES_ATENCION
(
	ID_RESULTADO_ATENCION  NUMBER(8) NOT NULL,
	ATENCION_ABIERTA       NUMBER(1),
	COMENTARIO             VARCHAR2(256),
	ID_ATENCION_AGEN       NUMBER(8),
	ID_ORDEN_ANALISIS      NUMBER(8),
	ARCHIVO_B64            CLOB,
	EXT_ARCHIVO            VARCHAR2(3)
)
;


CREATE TABLE TIPO_C_BANCARIA
(
	ID_TIPO_C_BANCARIA  NUMBER(8) NOT NULL,
	NOM_C_BANCARIA      VARCHAR2(64)
)
;


CREATE TABLE TIPO_EQUIPO
(
	ID_TIPO_EQUIPO      NUMBER(8) NOT NULL,
	NOMBRE_TIPO_EQUIPO  VARCHAR2(256)
)
;


CREATE TABLE TIPO_FICHA
(
	ID_TIPO_FICHA   NUMBER(8) NOT NULL,
	NOM_TIPO_FICHA  VARCHAR2(64)
)
;


CREATE TABLE TIPO_PRES
(
	ID_TIPO_PRESTACION  NUMBER(8) NOT NULL,
	NOM_TIPO_PREST      VARCHAR2(256)
)
;



ALTER TABLE PRESTACION
	ADD CONSTRAINT UQ_PRESTACION_CODIGO_PRESTACI UNIQUE (CODIGO_PRESTACION)
;

ALTER TABLE ASEGURADORA ADD CONSTRAINT PK_ASEGURADORA 
	PRIMARY KEY (ID_ASEGURADORA)
;

ALTER TABLE ATENCION_AGEN ADD CONSTRAINT PK_ATENCION_AGEN 
	PRIMARY KEY (ID_ATENCION_AGEN)
;

ALTER TABLE BANCO ADD CONSTRAINT PK_BANCO 
	PRIMARY KEY (ID_BANCO)
;

ALTER TABLE BLOQUE ADD CONSTRAINT PK_BLOQUE 
	PRIMARY KEY (ID_BLOQUE)
;

ALTER TABLE BONO ADD CONSTRAINT PK_BONO 
	PRIMARY KEY (ID_BONO)
;

ALTER TABLE CAJA ADD CONSTRAINT PK_CAJA 
	PRIMARY KEY (ID_CAJA)
;

ALTER TABLE CARGO ADD CONSTRAINT PK_CARGO 
	PRIMARY KEY (ID_CARGO_FUNCI)
;

ALTER TABLE CUEN_BANCARIA ADD CONSTRAINT PK_CUEN_BANCARIA 
	PRIMARY KEY (ID_CUEN_BANCARIA)
;

ALTER TABLE DEVOLUCION ADD CONSTRAINT PK_DEVOLUCION 
	PRIMARY KEY (ID_DEVOLUCION)
;

ALTER TABLE DIA_SEM ADD CONSTRAINT PK_DIA 
	PRIMARY KEY (ID_DIA)
;

ALTER TABLE ENTRADA_FICHA ADD CONSTRAINT PK_ENTRADA_FICHA 
	PRIMARY KEY (ID_ENTRADA_FICHA)
;

ALTER TABLE EQUIPO_REQ ADD CONSTRAINT PK_EQUIPO_REQ 
	PRIMARY KEY (ID_EQUIPO_REQ)
;

ALTER TABLE ESPECIALIDAD ADD CONSTRAINT PK_ESPECIALIDAD 
	PRIMARY KEY (ID_ESPECIALIDAD)
;

ALTER TABLE ESTADO_ATEN ADD CONSTRAINT PK_ESTADO_ATEN 
	PRIMARY KEY (ID_ESTADO_ATEN)
;

ALTER TABLE FUNCIONARIO ADD CONSTRAINT PK_FUNCIONARIO 
	PRIMARY KEY (ID_FUNCIONARIO)
;

ALTER TABLE HORARIO ADD CONSTRAINT PK_HORARIO 
	PRIMARY KEY (ID_HORARIO)
;

ALTER TABLE INVENTARIO ADD CONSTRAINT PK_INVENTARIO 
	PRIMARY KEY (ID_INVENTARIO_EQUIPO)
;

ALTER TABLE LOGPAGOHONORARIO ADD CONSTRAINT PK_LogPagoHonorario 
	PRIMARY KEY (IDLOGPAGOHONORARIO)
;

ALTER TABLE ORDEN_ANALISIS ADD CONSTRAINT PK_ORDEN_ANALISIS 
	PRIMARY KEY (ID_ORDEN_ANALISIS)
;

ALTER TABLE PACIENTE ADD CONSTRAINT PK_PACIENTE 
	PRIMARY KEY (ID_PACIENTE)
;

ALTER TABLE PAGO ADD CONSTRAINT PK_PAGO 
	PRIMARY KEY (ID_PAGO)
;

ALTER TABLE PERS_MEDICO ADD CONSTRAINT PK_PERS_MEDICO 
	PRIMARY KEY (ID_PERSONAL_MEDICO)
;

ALTER TABLE PERSONAL ADD CONSTRAINT PK_PERSONAL 
	PRIMARY KEY (ID_PERSONAL)
;

ALTER TABLE PRESTACION ADD CONSTRAINT PK_PRESTACION 
	PRIMARY KEY (ID_PRESTACION)
;

ALTER TABLE RES_ATENCION ADD CONSTRAINT PK_RES_ATENCION 
	PRIMARY KEY (ID_RESULTADO_ATENCION)
;

ALTER TABLE TIPO_C_BANCARIA ADD CONSTRAINT PK_TIPO_C_BANCARIA 
	PRIMARY KEY (ID_TIPO_C_BANCARIA)
;

ALTER TABLE TIPO_EQUIPO ADD CONSTRAINT PK_TIPO_EQUIPO 
	PRIMARY KEY (ID_TIPO_EQUIPO)
;

ALTER TABLE TIPO_FICHA ADD CONSTRAINT PK_TIPO_FICHA 
	PRIMARY KEY (ID_TIPO_FICHA)
;

ALTER TABLE TIPO_PRES ADD CONSTRAINT PK_TIPO_PRES 
	PRIMARY KEY (ID_TIPO_PRESTACION)
;



ALTER TABLE ATENCION_AGEN ADD CONSTRAINT FK_PACIENTE_ATENCION_AGEN 
	FOREIGN KEY (ID_PACIENTE) REFERENCES PACIENTE (ID_PACIENTE) ON DELETE CASCADE
;

ALTER TABLE ATENCION_AGEN ADD CONSTRAINT FK_ATENCION_AGEN_PERS_MEDICO 
	FOREIGN KEY (ID_PERS_ATIENDE) REFERENCES PERS_MEDICO (ID_PERSONAL_MEDICO)
;

ALTER TABLE ATENCION_AGEN ADD CONSTRAINT FK_ATENCION_AGEN_PERS_MEDICO02 
	FOREIGN KEY (ID_PERS_SOLICITA) REFERENCES PERS_MEDICO (ID_PERSONAL_MEDICO)
;

ALTER TABLE ATENCION_AGEN ADD CONSTRAINT FK_ATENCION_AGEN_PRESTACION 
	FOREIGN KEY (ID_PRESTACION) REFERENCES PRESTACION (ID_PRESTACION) ON DELETE CASCADE
;

ALTER TABLE ATENCION_AGEN ADD CONSTRAINT FK_ESTADO_ATEN_ATENCION_AGEN 
	FOREIGN KEY (ID_ESTADO_ATEN) REFERENCES ESTADO_ATEN (ID_ESTADO_ATEN) ON DELETE CASCADE
;

ALTER TABLE ATENCION_AGEN ADD CONSTRAINT FK_ATENCION_AGEN_BLOQUE 
	FOREIGN KEY (ID_BLOQUE) REFERENCES BLOQUE (ID_BLOQUE)
;

ALTER TABLE BLOQUE ADD CONSTRAINT FK_BLOQUE_DIA_SEM 
	FOREIGN KEY (ID_DIA_SEM) REFERENCES DIA_SEM (ID_DIA) ON DELETE CASCADE
;

ALTER TABLE BONO ADD CONSTRAINT FK_ASEGURADORA_BONO 
	FOREIGN KEY (ID_ASEGURADORA) REFERENCES ASEGURADORA (ID_ASEGURADORA) ON DELETE CASCADE
;

ALTER TABLE CAJA ADD CONSTRAINT FK_FUNCIONARIO_CAJA 
	FOREIGN KEY (ID_FUNCIONARIO) REFERENCES FUNCIONARIO (ID_FUNCIONARIO) ON DELETE CASCADE
;

ALTER TABLE CUEN_BANCARIA ADD CONSTRAINT FK_CUEN_BANCARIA_TIPO_C_BANCA 
	FOREIGN KEY (ID_TIPO_C_BANCARIA) REFERENCES TIPO_C_BANCARIA (ID_TIPO_C_BANCARIA) ON DELETE CASCADE
;

ALTER TABLE CUEN_BANCARIA ADD CONSTRAINT FK_CUEN_BANCARIA_BANCO 
	FOREIGN KEY (ID_BANCO) REFERENCES BANCO (ID_BANCO) ON DELETE CASCADE
;

ALTER TABLE CUEN_BANCARIA ADD CONSTRAINT FK_CUEN_BANCARIA_PERS_MEDICO 
	FOREIGN KEY (ID_PERS_MEDICO) REFERENCES PERS_MEDICO (ID_PERSONAL_MEDICO) ON DELETE CASCADE
;

ALTER TABLE ENTRADA_FICHA ADD CONSTRAINT FK_ENTRADA_FICHA_PACIENTE 
	FOREIGN KEY (ID_PACIENTE) REFERENCES PACIENTE (ID_PACIENTE) ON DELETE CASCADE
;

ALTER TABLE ENTRADA_FICHA ADD CONSTRAINT FK_ENTRADA_FICHA_TIPO_FICHA 
	FOREIGN KEY (ID_TIPO_FICHA) REFERENCES TIPO_FICHA (ID_TIPO_FICHA) ON DELETE CASCADE
;

ALTER TABLE EQUIPO_REQ ADD CONSTRAINT FK_EQUIPO_REQ_TIPO_EQUIPO 
	FOREIGN KEY (ID_TIPO_EQUIPO) REFERENCES TIPO_EQUIPO (ID_TIPO_EQUIPO) ON DELETE CASCADE
;

ALTER TABLE EQUIPO_REQ ADD CONSTRAINT FK_EQUIPO_REQ_PRESTACION 
	FOREIGN KEY (ID_PRESTACION) REFERENCES PRESTACION (ID_PRESTACION) ON DELETE CASCADE
;

ALTER TABLE FUNCIONARIO ADD CONSTRAINT FK_CARGO_FUNCIONARIO 
	FOREIGN KEY (ID_CARGO_FUNCI) REFERENCES CARGO (ID_CARGO_FUNCI) ON DELETE CASCADE
;

ALTER TABLE FUNCIONARIO ADD CONSTRAINT FK_PERSONAL_FUNCIONARIO 
	FOREIGN KEY (ID_PERSONAL) REFERENCES PERSONAL (ID_PERSONAL) ON DELETE CASCADE
;

ALTER TABLE HORARIO ADD CONSTRAINT FK_HORARIO_BLOQUE 
	FOREIGN KEY (ID_BLOQUE) REFERENCES BLOQUE (ID_BLOQUE) ON DELETE CASCADE
;

ALTER TABLE HORARIO ADD CONSTRAINT FK_HORARIO_PERS_MEDICO 
	FOREIGN KEY (ID_PERS_MEDICO) REFERENCES PERS_MEDICO (ID_PERSONAL_MEDICO)
;

ALTER TABLE INVENTARIO ADD CONSTRAINT FK_TIPO_EQUIPO_INVENTARIO 
	FOREIGN KEY (ID_TIPO_EQUIPO) REFERENCES TIPO_EQUIPO (ID_TIPO_EQUIPO) ON DELETE CASCADE
;

ALTER TABLE LOGPAGOHONORARIO ADD CONSTRAINT FK_LOGPAGOHONORA_CUEN_BANCARIA 
	FOREIGN KEY (ID_CUEN_BANCARIA) REFERENCES CUEN_BANCARIA (ID_CUEN_BANCARIA)
;

ALTER TABLE PAGO ADD CONSTRAINT FK_BONO_PAGO 
	FOREIGN KEY (ID_BONO) REFERENCES BONO (ID_BONO) ON DELETE CASCADE
;

ALTER TABLE PAGO ADD CONSTRAINT FK_CAJA_PAGO 
	FOREIGN KEY (ID_CAJA) REFERENCES CAJA (ID_CAJA) ON DELETE CASCADE
;

ALTER TABLE PAGO ADD CONSTRAINT FK_DEVOLUCION_PAGO 
	FOREIGN KEY (ID_DEVOLUCION) REFERENCES DEVOLUCION (ID_DEVOLUCION) ON DELETE CASCADE
;

ALTER TABLE PAGO ADD CONSTRAINT FK_PAGO_ATENCION_AGEN 
	FOREIGN KEY (ID_ATENCION_AGEN) REFERENCES ATENCION_AGEN (ID_ATENCION_AGEN)
;

ALTER TABLE PERS_MEDICO ADD CONSTRAINT FK_PERS_MEDICO_ESPECIALIDAD 
	FOREIGN KEY (ID_ESPECIALIDAD) REFERENCES ESPECIALIDAD (ID_ESPECIALIDAD) ON DELETE CASCADE
;

ALTER TABLE PERS_MEDICO ADD CONSTRAINT FK_PERSONAL_PERS_MEDICO 
	FOREIGN KEY (ID_PERSONAL) REFERENCES PERSONAL (ID_PERSONAL) ON DELETE CASCADE
;

ALTER TABLE PRESTACION ADD CONSTRAINT FK_ESPECIALIDAD_PRESTACION 
	FOREIGN KEY (ID_ESPECIALIDAD) REFERENCES ESPECIALIDAD (ID_ESPECIALIDAD) ON DELETE CASCADE
;

ALTER TABLE PRESTACION ADD CONSTRAINT FK_TIPO_PRES_PRESTACION 
	FOREIGN KEY (ID_TIPO_PRESTACION) REFERENCES TIPO_PRES (ID_TIPO_PRESTACION) ON DELETE CASCADE
;

ALTER TABLE RES_ATENCION ADD CONSTRAINT FK_ATENCION_AGEN_RES_ATENCION 
	FOREIGN KEY (ID_ATENCION_AGEN) REFERENCES ATENCION_AGEN (ID_ATENCION_AGEN) ON DELETE CASCADE
;

ALTER TABLE RES_ATENCION ADD CONSTRAINT FK_ORDEN_ANALISIS_RES_ATENCION 
	FOREIGN KEY (ID_ORDEN_ANALISIS) REFERENCES ORDEN_ANALISIS (ID_ORDEN_ANALISIS) ON DELETE CASCADE
;






CREATE SEQUENCE SEQ_ASEGURADORA_ID_ASEGURADORA 
    INCREMENT BY 1 
    START WITH 1 
    NOMAXVALUE 
    MINVALUE 1 
	NOCYCLE 
	NOCACHE 
	NOORDER
;



CREATE OR REPLACE TRIGGER TRG_ASEGURADORA_ID_ASEGURADORA 
	BEFORE INSERT 
	ON ASEGURADORA 
	FOR EACH ROW 
	BEGIN 
		SELECT SEQ_ASEGURADORA_ID_ASEGURADORA.NEXTVAL 
		INTO :NEW.ID_ASEGURADORA 
		FROM DUAL; 
	END;
/
CREATE SEQUENCE SEQ_ATENCION_AGEN_ID_ATENCION_ 
    INCREMENT BY 1 
    START WITH 1 
    NOMAXVALUE 
    MINVALUE 1 
	NOCYCLE 
	NOCACHE 
	NOORDER
;



CREATE OR REPLACE TRIGGER TRG_ATENCION_AGEN_ID_ATENCION_ 
	BEFORE INSERT 
	ON ATENCION_AGEN 
	FOR EACH ROW 
	BEGIN 
		SELECT SEQ_ATENCION_AGEN_ID_ATENCION_.NEXTVAL 
		INTO :NEW.ID_ATENCION_AGEN 
		FROM DUAL; 
	END;
/
CREATE SEQUENCE SEQ_BANCO_ID_BANCO 
    INCREMENT BY 1 
    START WITH 1 
    NOMAXVALUE 
    MINVALUE 1 
	NOCYCLE 
	NOCACHE 
	NOORDER
;



CREATE OR REPLACE TRIGGER TRG_BANCO_ID_BANCO 
	BEFORE INSERT 
	ON BANCO 
	FOR EACH ROW 
	BEGIN 
		SELECT SEQ_BANCO_ID_BANCO.NEXTVAL 
		INTO :NEW.ID_BANCO 
		FROM DUAL; 
	END;
/
CREATE SEQUENCE SEQ_BLOQUE_ID_BLOQUE 
    INCREMENT BY 1 
    START WITH 1 
    NOMAXVALUE 
    MINVALUE 1 
	NOCYCLE 
	NOCACHE 
	NOORDER
;



CREATE OR REPLACE TRIGGER TRG_BLOQUE_ID_BLOQUE 
	BEFORE INSERT 
	ON BLOQUE 
	FOR EACH ROW 
	BEGIN 
		SELECT SEQ_BLOQUE_ID_BLOQUE.NEXTVAL 
		INTO :NEW.ID_BLOQUE 
		FROM DUAL; 
	END;
/
CREATE SEQUENCE SEQ_BONO_ID_BONO 
    INCREMENT BY 1 
    START WITH 1 
    NOMAXVALUE 
    MINVALUE 1 
	NOCYCLE 
	NOCACHE 
	NOORDER
;



CREATE OR REPLACE TRIGGER TRG_BONO_ID_BONO 
	BEFORE INSERT 
	ON BONO 
	FOR EACH ROW 
	BEGIN 
		SELECT SEQ_BONO_ID_BONO.NEXTVAL 
		INTO :NEW.ID_BONO 
		FROM DUAL; 
	END;
/
CREATE SEQUENCE SEQ_CAJA_ID_CAJA 
    INCREMENT BY 1 
    START WITH 1 
    NOMAXVALUE 
    MINVALUE 1 
	NOCYCLE 
	NOCACHE 
	NOORDER
;



CREATE OR REPLACE TRIGGER TRG_CAJA_ID_CAJA 
	BEFORE INSERT 
	ON CAJA 
	FOR EACH ROW 
	BEGIN 
		SELECT SEQ_CAJA_ID_CAJA.NEXTVAL 
		INTO :NEW.ID_CAJA 
		FROM DUAL; 
	END;
/
CREATE SEQUENCE SEQ_CARGO_ID_CARGO_FUNCI 
    INCREMENT BY 1 
    START WITH 1 
    NOMAXVALUE 
    MINVALUE 1 
	NOCYCLE 
	NOCACHE 
	NOORDER
;



CREATE OR REPLACE TRIGGER TRG_CARGO_ID_CARGO_FUNCI 
	BEFORE INSERT 
	ON CARGO 
	FOR EACH ROW 
	BEGIN 
		SELECT SEQ_CARGO_ID_CARGO_FUNCI.NEXTVAL 
		INTO :NEW.ID_CARGO_FUNCI 
		FROM DUAL; 
	END;
/
CREATE SEQUENCE SEQ_CUEN_BANCARIA_ID_CUEN_BANC 
    INCREMENT BY 1 
    START WITH 1 
    NOMAXVALUE 
    MINVALUE 1 
	NOCYCLE 
	NOCACHE 
	NOORDER
;



CREATE OR REPLACE TRIGGER TRG_CUEN_BANCARIA_ID_CUEN_BANC 
	BEFORE INSERT 
	ON CUEN_BANCARIA 
	FOR EACH ROW 
	BEGIN 
		SELECT SEQ_CUEN_BANCARIA_ID_CUEN_BANC.NEXTVAL 
		INTO :NEW.ID_CUEN_BANCARIA 
		FROM DUAL; 
	END;
/
CREATE SEQUENCE SEQ_DEVOLUCION_ID_DEVOLUCION 
    INCREMENT BY 1 
    START WITH 1 
    NOMAXVALUE 
    MINVALUE 1 
	NOCYCLE 
	NOCACHE 
	NOORDER
;



CREATE OR REPLACE TRIGGER TRG_DEVOLUCION_ID_DEVOLUCION 
	BEFORE INSERT 
	ON DEVOLUCION 
	FOR EACH ROW 
	BEGIN 
		SELECT SEQ_DEVOLUCION_ID_DEVOLUCION.NEXTVAL 
		INTO :NEW.ID_DEVOLUCION 
		FROM DUAL; 
	END;
/
CREATE SEQUENCE SEQ_DIA_SEM_ID_DIA 
    INCREMENT BY 1 
    START WITH 1 
    NOMAXVALUE 
    MINVALUE 1 
	NOCYCLE 
	NOCACHE 
	NOORDER
;



CREATE OR REPLACE TRIGGER TRG_DIA_SEM_ID_DIA 
	BEFORE INSERT 
	ON DIA_SEM 
	FOR EACH ROW 
	BEGIN 
		SELECT SEQ_DIA_SEM_ID_DIA.NEXTVAL 
		INTO :NEW.ID_DIA 
		FROM DUAL; 
	END;
/
CREATE SEQUENCE SEQ_ENTRADA_FICHA_ID_ENTRADA_F 
    INCREMENT BY 1 
    START WITH 1 
    NOMAXVALUE 
    MINVALUE 1 
	NOCYCLE 
	NOCACHE 
	NOORDER
;



CREATE OR REPLACE TRIGGER TRG_ENTRADA_FICHA_ID_ENTRADA_F 
	BEFORE INSERT 
	ON ENTRADA_FICHA 
	FOR EACH ROW 
	BEGIN 
		SELECT SEQ_ENTRADA_FICHA_ID_ENTRADA_F.NEXTVAL 
		INTO :NEW.ID_ENTRADA_FICHA 
		FROM DUAL; 
	END;
/
CREATE SEQUENCE SEQ_EQUIPO_REQ_ID_EQUIPO_REQ 
    INCREMENT BY 1 
    START WITH 1 
    NOMAXVALUE 
    MINVALUE 1 
	NOCYCLE 
	NOCACHE 
	NOORDER
;



CREATE OR REPLACE TRIGGER TRG_EQUIPO_REQ_ID_EQUIPO_REQ 
	BEFORE INSERT 
	ON EQUIPO_REQ 
	FOR EACH ROW 
	BEGIN 
		SELECT SEQ_EQUIPO_REQ_ID_EQUIPO_REQ.NEXTVAL 
		INTO :NEW.ID_EQUIPO_REQ 
		FROM DUAL; 
	END;
/
CREATE SEQUENCE SEQ_ESPECIALIDAD_ID_ESPECIALID 
    INCREMENT BY 1 
    START WITH 1 
    NOMAXVALUE 
    MINVALUE 1 
	NOCYCLE 
	NOCACHE 
	NOORDER
;



CREATE OR REPLACE TRIGGER TRG_ESPECIALIDAD_ID_ESPECIALID 
	BEFORE INSERT 
	ON ESPECIALIDAD 
	FOR EACH ROW 
	BEGIN 
		SELECT SEQ_ESPECIALIDAD_ID_ESPECIALID.NEXTVAL 
		INTO :NEW.ID_ESPECIALIDAD 
		FROM DUAL; 
	END;
/
CREATE SEQUENCE SEQ_ESTADO_ATEN_ID_ESTADO_ATEN 
    INCREMENT BY 1 
    START WITH 1 
    NOMAXVALUE 
    MINVALUE 1 
	NOCYCLE 
	NOCACHE 
	NOORDER
;



CREATE OR REPLACE TRIGGER TRG_ESTADO_ATEN_ID_ESTADO_ATEN 
	BEFORE INSERT 
	ON ESTADO_ATEN 
	FOR EACH ROW 
	BEGIN 
		SELECT SEQ_ESTADO_ATEN_ID_ESTADO_ATEN.NEXTVAL 
		INTO :NEW.ID_ESTADO_ATEN 
		FROM DUAL; 
	END;
/
CREATE SEQUENCE SEQ_FUNCIONARIO_ID_FUNCIONARIO 
    INCREMENT BY 1 
    START WITH 1 
    NOMAXVALUE 
    MINVALUE 1 
	NOCYCLE 
	NOCACHE 
	NOORDER
;



CREATE OR REPLACE TRIGGER TRG_FUNCIONARIO_ID_FUNCIONARIO 
	BEFORE INSERT 
	ON FUNCIONARIO 
	FOR EACH ROW 
	BEGIN 
		SELECT SEQ_FUNCIONARIO_ID_FUNCIONARIO.NEXTVAL 
		INTO :NEW.ID_FUNCIONARIO 
		FROM DUAL; 
	END;
/
CREATE SEQUENCE SEQ_HORARIO_ID_HORARIO 
    INCREMENT BY 1 
    START WITH 1 
    NOMAXVALUE 
    MINVALUE 1 
	NOCYCLE 
	NOCACHE 
	NOORDER
;



CREATE OR REPLACE TRIGGER TRG_HORARIO_ID_HORARIO 
	BEFORE INSERT 
	ON HORARIO 
	FOR EACH ROW 
	BEGIN 
		SELECT SEQ_HORARIO_ID_HORARIO.NEXTVAL 
		INTO :NEW.ID_HORARIO 
		FROM DUAL; 
	END;
/
CREATE SEQUENCE SEQ_INVENTARIO_ID_INVENTARIO_E 
    INCREMENT BY 1 
    START WITH 1 
    NOMAXVALUE 
    MINVALUE 1 
	NOCYCLE 
	NOCACHE 
	NOORDER
;



CREATE OR REPLACE TRIGGER TRG_INVENTARIO_ID_INVENTARIO_E 
	BEFORE INSERT 
	ON INVENTARIO 
	FOR EACH ROW 
	BEGIN 
		SELECT SEQ_INVENTARIO_ID_INVENTARIO_E.NEXTVAL 
		INTO :NEW.ID_INVENTARIO_EQUIPO 
		FROM DUAL; 
	END;
/
CREATE SEQUENCE SEQ_LOGPAGOHONORA_IDLOGPAGOHON 
    INCREMENT BY 1 
    START WITH 1 
    NOMAXVALUE 
    MINVALUE 1 
	NOCYCLE 
	NOCACHE 
	NOORDER
;



CREATE OR REPLACE TRIGGER TRG_LOGPAGOHONORA_IDLOGPAGOHON 
	BEFORE INSERT 
	ON LOGPAGOHONORARIO 
	FOR EACH ROW 
	BEGIN 
		SELECT SEQ_LOGPAGOHONORA_IDLOGPAGOHON.NEXTVAL 
		INTO :NEW.IDLOGPAGOHONORARIO 
		FROM DUAL; 
	END;
/
CREATE SEQUENCE SEQ_ORDEN_ANALISI_ID_ORDEN_ANA 
    INCREMENT BY 1 
    START WITH 1 
    NOMAXVALUE 
    MINVALUE 1 
	NOCYCLE 
	NOCACHE 
	NOORDER
;



CREATE OR REPLACE TRIGGER TRG_ORDEN_ANALISI_ID_ORDEN_ANA 
	BEFORE INSERT 
	ON ORDEN_ANALISIS 
	FOR EACH ROW 
	BEGIN 
		SELECT SEQ_ORDEN_ANALISI_ID_ORDEN_ANA.NEXTVAL 
		INTO :NEW.ID_ORDEN_ANALISIS 
		FROM DUAL; 
	END;
/
CREATE SEQUENCE SEQ_PACIENTE_ID_PACIENTE 
    INCREMENT BY 1 
    START WITH 1 
    NOMAXVALUE 
    MINVALUE 1 
	NOCYCLE 
	NOCACHE 
	NOORDER
;



CREATE OR REPLACE TRIGGER TRG_PACIENTE_ID_PACIENTE 
	BEFORE INSERT 
	ON PACIENTE 
	FOR EACH ROW 
	BEGIN 
		SELECT SEQ_PACIENTE_ID_PACIENTE.NEXTVAL 
		INTO :NEW.ID_PACIENTE 
		FROM DUAL; 
	END;
/
CREATE SEQUENCE SEQ_PAGO_ID_PAGO 
    INCREMENT BY 1 
    START WITH 1 
    NOMAXVALUE 
    MINVALUE 1 
	NOCYCLE 
	NOCACHE 
	NOORDER
;



CREATE OR REPLACE TRIGGER TRG_PAGO_ID_PAGO 
	BEFORE INSERT 
	ON PAGO 
	FOR EACH ROW 
	BEGIN 
		SELECT SEQ_PAGO_ID_PAGO.NEXTVAL 
		INTO :NEW.ID_PAGO 
		FROM DUAL; 
	END;
/
CREATE SEQUENCE SEQ_PERS_MEDICO_ID_PERSONAL_ME 
    INCREMENT BY 1 
    START WITH 1 
    NOMAXVALUE 
    MINVALUE 1 
	NOCYCLE 
	NOCACHE 
	NOORDER
;



CREATE OR REPLACE TRIGGER TRG_PERS_MEDICO_ID_PERSONAL_ME 
	BEFORE INSERT 
	ON PERS_MEDICO 
	FOR EACH ROW 
	BEGIN 
		SELECT SEQ_PERS_MEDICO_ID_PERSONAL_ME.NEXTVAL 
		INTO :NEW.ID_PERSONAL_MEDICO 
		FROM DUAL; 
	END;
/
CREATE SEQUENCE SEQ_PERSONAL_ID_PERSONAL 
    INCREMENT BY 1 
    START WITH 1 
    NOMAXVALUE 
    MINVALUE 1 
	NOCYCLE 
	NOCACHE 
	NOORDER
;



CREATE OR REPLACE TRIGGER TRG_PERSONAL_ID_PERSONAL 
	BEFORE INSERT 
	ON PERSONAL 
	FOR EACH ROW 
	BEGIN 
		SELECT SEQ_PERSONAL_ID_PERSONAL.NEXTVAL 
		INTO :NEW.ID_PERSONAL 
		FROM DUAL; 
	END;
/
CREATE SEQUENCE SEQ_PRESTACION_ID_PRESTACION 
    INCREMENT BY 1 
    START WITH 1 
    NOMAXVALUE 
    MINVALUE 1 
	NOCYCLE 
	NOCACHE 
	NOORDER
;



CREATE OR REPLACE TRIGGER TRG_PRESTACION_ID_PRESTACION 
	BEFORE INSERT 
	ON PRESTACION 
	FOR EACH ROW 
	BEGIN 
		SELECT SEQ_PRESTACION_ID_PRESTACION.NEXTVAL 
		INTO :NEW.ID_PRESTACION 
		FROM DUAL; 
	END;
/
CREATE SEQUENCE SEQ_RES_ATENCION_ID_RESULTADO_ 
    INCREMENT BY 1 
    START WITH 1 
    NOMAXVALUE 
    MINVALUE 1 
	NOCYCLE 
	NOCACHE 
	NOORDER
;



CREATE OR REPLACE TRIGGER TRG_RES_ATENCION_ID_RESULTADO_ 
	BEFORE INSERT 
	ON RES_ATENCION 
	FOR EACH ROW 
	BEGIN 
		SELECT SEQ_RES_ATENCION_ID_RESULTADO_.NEXTVAL 
		INTO :NEW.ID_RESULTADO_ATENCION 
		FROM DUAL; 
	END;
/
CREATE SEQUENCE SEQ_TIPO_C_BANCAR_ID_TIPO_C_BA 
    INCREMENT BY 1 
    START WITH 1 
    NOMAXVALUE 
    MINVALUE 1 
	NOCYCLE 
	NOCACHE 
	NOORDER
;



CREATE OR REPLACE TRIGGER TRG_TIPO_C_BANCAR_ID_TIPO_C_BA 
	BEFORE INSERT 
	ON TIPO_C_BANCARIA 
	FOR EACH ROW 
	BEGIN 
		SELECT SEQ_TIPO_C_BANCAR_ID_TIPO_C_BA.NEXTVAL 
		INTO :NEW.ID_TIPO_C_BANCARIA 
		FROM DUAL; 
	END;
/
CREATE SEQUENCE SEQ_TIPO_EQUIPO_ID_TIPO_EQUIPO 
    INCREMENT BY 1 
    START WITH 1 
    NOMAXVALUE 
    MINVALUE 1 
	NOCYCLE 
	NOCACHE 
	NOORDER
;



CREATE OR REPLACE TRIGGER TRG_TIPO_EQUIPO_ID_TIPO_EQUIPO 
	BEFORE INSERT 
	ON TIPO_EQUIPO 
	FOR EACH ROW 
	BEGIN 
		SELECT SEQ_TIPO_EQUIPO_ID_TIPO_EQUIPO.NEXTVAL 
		INTO :NEW.ID_TIPO_EQUIPO 
		FROM DUAL; 
	END;
/
CREATE SEQUENCE SEQ_TIPO_FICHA_ID_TIPO_FICHA 
    INCREMENT BY 1 
    START WITH 1 
    NOMAXVALUE 
    MINVALUE 1 
	NOCYCLE 
	NOCACHE 
	NOORDER
;



CREATE OR REPLACE TRIGGER TRG_TIPO_FICHA_ID_TIPO_FICHA 
	BEFORE INSERT 
	ON TIPO_FICHA 
	FOR EACH ROW 
	BEGIN 
		SELECT SEQ_TIPO_FICHA_ID_TIPO_FICHA.NEXTVAL 
		INTO :NEW.ID_TIPO_FICHA 
		FROM DUAL; 
	END;
/
CREATE SEQUENCE SEQ_TIPO_PRES_ID_TIPO_PRESTACI 
    INCREMENT BY 1 
    START WITH 1 
    NOMAXVALUE 
    MINVALUE 1 
	NOCYCLE 
	NOCACHE 
	NOORDER
;



CREATE OR REPLACE TRIGGER TRG_TIPO_PRES_ID_TIPO_PRESTACI 
	BEFORE INSERT 
	ON TIPO_PRES 
	FOR EACH ROW 
	BEGIN 
		SELECT SEQ_TIPO_PRES_ID_TIPO_PRESTACI.NEXTVAL 
		INTO :NEW.ID_TIPO_PRESTACION 
		FROM DUAL; 
	END;
/

INSERT INTO PERSONAL (NOMBRES, APELLIDOS, REMUNERACION, HASHED_PASS, PORCENT_DESCUENTO, RUT, VERIFICADOR, EMAIL, ACTIVO) VALUES ('Mister', 'Medico', '500000', '9C9752FD8C878F87D8B52E927BA218AB', '7', '18861423', 'K', 'fjaqueg@gmail.com', '1');
INSERT INTO PERSONAL (NOMBRES, APELLIDOS, REMUNERACION, HASHED_PASS, PORCENT_DESCUENTO, RUT, VERIFICADOR, EMAIL, ACTIVO) VALUES ('Señor', 'Enfermero', '450000', '9C9752FD8C878F87D8B52E927BA218AB', '7', '18373278', '1', 'baezahuertaelias@aol.cl', '1');
INSERT INTO PERSONAL (NOMBRES, APELLIDOS, REMUNERACION, HASHED_PASS, PORCENT_DESCUENTO, RUT, VERIFICADOR, EMAIL, ACTIVO) VALUES ('Tío', 'Tecnologo', '600000', '9C9752FD8C878F87D8B52E927BA218AB', '7', '18863461', '3', 'go.lopezsa@gmail.com', '1');
INSERT INTO PERSONAL (NOMBRES, APELLIDOS, REMUNERACION, HASHED_PASS, PORCENT_DESCUENTO, RUT, VERIFICADOR, EMAIL, ACTIVO) VALUES ('Tía', 'Cajera', '400000', '9C9752FD8C878F87D8B52E927BA218AB', '7', '16369140', 'K', 'DELASOTTA.PABLO@GMAIL.COM', '1');
INSERT INTO PERSONAL (NOMBRES, APELLIDOS, REMUNERACION, HASHED_PASS, PORCENT_DESCUENTO, RUT, VERIFICADOR, EMAIL, ACTIVO) VALUES ('Abuelo', 'Jefe', '500000', '9C9752FD8C878F87D8B52E927BA218AB', '7', '18766326', '1', 'PALANX67.STORE@GMAIL.COM', '1'); 

INSERT INTO PACIENTE (NOMBRES_PACIENTE,APELLIDOS_PACIENTE,RUT,HASHED_PASS,EMAIL_PACIENTE,DIGITO_VERIFICADOR) VALUES ('Tarik','Olsen','17653653','9C9752FD8C878F87D8B52E927BA218AB','in.felis@antedictummi.org','2');
INSERT INTO PACIENTE (NOMBRES_PACIENTE,APELLIDOS_PACIENTE,RUT,HASHED_PASS,EMAIL_PACIENTE,DIGITO_VERIFICADOR) VALUES ('Alea','Gordon','14040855','9C9752FD8C878F87D8B52E927BA218AB','metus.Aliquam.erat@tellus.com','9');
INSERT INTO PACIENTE (NOMBRES_PACIENTE,APELLIDOS_PACIENTE,RUT,HASHED_PASS,EMAIL_PACIENTE,DIGITO_VERIFICADOR) VALUES ('Jaime','Pope','1216879','9C9752FD8C878F87D8B52E927BA218AB','nec@euplacerat.ca','8');
INSERT INTO PACIENTE (NOMBRES_PACIENTE,APELLIDOS_PACIENTE,RUT,HASHED_PASS,EMAIL_PACIENTE,DIGITO_VERIFICADOR) VALUES ('Morgan','Garner','16034708','9C9752FD8C878F87D8B52E927BA218AB','condimentum.Donec@arcu.com','K');
INSERT INTO PACIENTE (NOMBRES_PACIENTE,APELLIDOS_PACIENTE,RUT,HASHED_PASS,EMAIL_PACIENTE,DIGITO_VERIFICADOR) VALUES ('Hope','Perez','16905702','9C9752FD8C878F87D8B52E927BA218AB','rutrum@aliquetliberoInteger.com','5');

INSERT INTO TIPO_C_BANCARIA (NOM_C_BANCARIA) VALUES ('Vista');
INSERT INTO TIPO_C_BANCARIA (NOM_C_BANCARIA) VALUES ('Corriente');
INSERT INTO TIPO_C_BANCARIA (NOM_C_BANCARIA) VALUES ('Ahorro');

INSERT INTO BANCO (NOMBRE) VALUES ('BANCO DE CHILE');
INSERT INTO BANCO (NOMBRE) VALUES ('BANCO INTERNACIONAL');
INSERT INTO BANCO (NOMBRE) VALUES ('SCOTIABANK CHILE');
INSERT INTO BANCO (NOMBRE) VALUES ('BANCO BICE');
INSERT INTO BANCO (NOMBRE) VALUES ('HSBC BANK CHILE');
INSERT INTO BANCO (NOMBRE) VALUES ('BANCO SANTANDER CHILE');
INSERT INTO BANCO (NOMBRE) VALUES ('BANCO ITAÚ CORPBANCA');
INSERT INTO BANCO (NOMBRE) VALUES ('BANCO SECURITY');
INSERT INTO BANCO (NOMBRE) VALUES ('BANCO FALABELLA');
INSERT INTO BANCO (NOMBRE) VALUES ('BANCO RIPLEY');
INSERT INTO BANCO (NOMBRE) VALUES ('RABOBANK CHILE');
INSERT INTO BANCO (NOMBRE) VALUES ('BANCO CONSORCIO');
INSERT INTO BANCO (NOMBRE) VALUES ('BANCO PENTA');
INSERT INTO BANCO (NOMBRE) VALUES ('BANCO PARIS');
INSERT INTO BANCO (NOMBRE) VALUES ('BANCO BILBAO VIZCAYA ARGENTARIA, CHILE (BBVA)');
INSERT INTO BANCO (NOMBRE) VALUES ('BANCO BTG PACTUAL CHILE');

INSERT INTO TIPO_EQUIPO (NOMBRE_TIPO_EQUIPO) VALUES ('Gasa para uso interno no absorbible');
INSERT INTO TIPO_EQUIPO (NOMBRE_TIPO_EQUIPO) VALUES ('Jeringa de vidrio con aguja');
INSERT INTO TIPO_EQUIPO (NOMBRE_TIPO_EQUIPO) VALUES ('Monitor cardíaco');
INSERT INTO TIPO_EQUIPO (NOMBRE_TIPO_EQUIPO) VALUES ('Sutura quirúrgica no absorbible de poli etilen tereftalato (poliéster) cardiovascular');

INSERT INTO INVENTARIO (CANT_BODEGA, ID_TIPO_EQUIPO) VALUES ('500', '1');
INSERT INTO INVENTARIO (CANT_BODEGA, ID_TIPO_EQUIPO) VALUES ('200', '2');
INSERT INTO INVENTARIO (CANT_BODEGA, ID_TIPO_EQUIPO) VALUES ('50', '3');
INSERT INTO INVENTARIO (CANT_BODEGA, ID_TIPO_EQUIPO) VALUES ('500', '4');

INSERT INTO TIPO_PRES (NOM_TIPO_PREST) VALUES ('Consulta medica');
INSERT INTO TIPO_PRES (NOM_TIPO_PREST) VALUES ('Examen de laboratorio');
INSERT INTO TIPO_PRES (NOM_TIPO_PREST) VALUES ('Examen de imagenologia');

INSERT INTO ESTADO_ATEN (NOM_ESTADO_ATEN) VALUES ('Vigente');
INSERT INTO ESTADO_ATEN (NOM_ESTADO_ATEN) VALUES ('Anulado');
INSERT INTO ESTADO_ATEN (NOM_ESTADO_ATEN) VALUES ('Pagado');
INSERT INTO ESTADO_ATEN (NOM_ESTADO_ATEN) VALUES ('Cerrado');

INSERT INTO DIA_SEM (NOMBRE_DIA) VALUES ('Lunes');
INSERT INTO DIA_SEM (NOMBRE_DIA) VALUES ('Martes');
INSERT INTO DIA_SEM (NOMBRE_DIA) VALUES ('Miercoles');
INSERT INTO DIA_SEM (NOMBRE_DIA) VALUES ('Jueves');
INSERT INTO DIA_SEM (NOMBRE_DIA) VALUES ('Viernes');
INSERT INTO DIA_SEM (NOMBRE_DIA) VALUES ('Sabado');
INSERT INTO DIA_SEM (NOMBRE_DIA) VALUES ('Domingo');

INSERT INTO ASEGURADORA (NOM_ASEGURADORA) VALUES ('Banmedica');
INSERT INTO ASEGURADORA (NOM_ASEGURADORA) VALUES ('Colmena Golden Cross');
INSERT INTO ASEGURADORA (NOM_ASEGURADORA) VALUES ('Mas Vida');
INSERT INTO ASEGURADORA (NOM_ASEGURADORA) VALUES ('Vida Tres');
INSERT INTO ASEGURADORA (NOM_ASEGURADORA) VALUES ('Cruz Blanca');
INSERT INTO ASEGURADORA (NOM_ASEGURADORA) VALUES ('Consalud');
INSERT INTO ASEGURADORA (NOM_ASEGURADORA) VALUES ('Ferrosalud');

INSERT INTO TIPO_FICHA (NOM_TIPO_FICHA) VALUES ('Ficha de consultas medicas');
INSERT INTO TIPO_FICHA (NOM_TIPO_FICHA) VALUES ('Ficha de examen de laborario');
INSERT INTO TIPO_FICHA (NOM_TIPO_FICHA) VALUES ('Ficha de examen de imagenologia');

INSERT INTO CARGO (NOMBRE_CARGO) VALUES ('Operador');
INSERT INTO CARGO (NOMBRE_CARGO) VALUES ('Jefe de operador');

INSERT INTO ESPECIALIDAD (NOM_ESPECIALIDAD) VALUES ('Medico');
INSERT INTO ESPECIALIDAD (NOM_ESPECIALIDAD) VALUES ('Enfermero');
INSERT INTO ESPECIALIDAD (NOM_ESPECIALIDAD) VALUES ('Tecnologo');

INSERT INTO FUNCIONARIO (ID_CARGO_FUNCI, ID_PERSONAL) VALUES ('1', '4');
INSERT INTO FUNCIONARIO (ID_CARGO_FUNCI, ID_PERSONAL) VALUES ('2', '5');

INSERT INTO PERS_MEDICO (ID_ESPECIALIDAD, ID_PERSONAL) VALUES ('1', '1');
INSERT INTO PERS_MEDICO (ID_ESPECIALIDAD, ID_PERSONAL) VALUES ('2', '2');
INSERT INTO PERS_MEDICO (ID_ESPECIALIDAD, ID_PERSONAL) VALUES ('3', '3');

INSERT INTO CAJA (FECHOR_APERTURA,FECHOR_CIERRE,ID_FUNCIONARIO,CANT_EFECTIVO_INI, CANT_EFECTIVO_FIN, CANT_CHEQUE_FIN) VALUES (TO_DATE('01/28/2016 08:00','MM/DD/YYYY HH24:MI'),TO_DATE('01/28/2016 18:00','MM/DD/YYYY HH24:MI'),1,100000,100000,3); 
INSERT INTO CAJA (FECHOR_APERTURA,FECHOR_CIERRE,ID_FUNCIONARIO,CANT_EFECTIVO_INI, CANT_EFECTIVO_FIN, CANT_CHEQUE_FIN) VALUES (TO_DATE('02/14/2016 08:00','MM/DD/YYYY HH24:MI'),TO_DATE('02/14/2016 18:00','MM/DD/YYYY HH24:MI'),1,80000,80000,2); 
INSERT INTO CAJA (FECHOR_APERTURA,FECHOR_CIERRE,ID_FUNCIONARIO,CANT_EFECTIVO_INI, CANT_EFECTIVO_FIN, CANT_CHEQUE_FIN) VALUES (TO_DATE('03/03/2016 08:00','MM/DD/YYYY HH24:MI'),TO_DATE('03/03/2016 18:00','MM/DD/YYYY HH24:MI'),1,100000,110000,5); 
INSERT INTO CAJA (FECHOR_APERTURA,FECHOR_CIERRE,ID_FUNCIONARIO,CANT_EFECTIVO_INI, CANT_EFECTIVO_FIN, CANT_CHEQUE_FIN) VALUES (TO_DATE('03/09/2016 08:00','MM/DD/YYYY HH24:MI'),TO_DATE('03/09/2016 18:00','MM/DD/YYYY HH24:MI'),1,120000,120000,6); 
INSERT INTO CAJA (FECHOR_APERTURA,FECHOR_CIERRE,ID_FUNCIONARIO,CANT_EFECTIVO_INI, CANT_EFECTIVO_FIN, CANT_CHEQUE_FIN) VALUES (TO_DATE('03/14/2016 08:00','MM/DD/YYYY HH24:MI'),TO_DATE('03/14/2016 18:00','MM/DD/YYYY HH24:MI'),1,70000,60000,1); 

INSERT INTO BONO (CANT_BONO, COD_ASEGURADORA, ID_ASEGURADORA) VALUES ('5000', 'ASE001', '2');
INSERT INTO BONO (CANT_BONO, COD_ASEGURADORA, ID_ASEGURADORA) VALUES ('7500', 'ASE002', '3');
INSERT INTO BONO (CANT_BONO, COD_ASEGURADORA, ID_ASEGURADORA) VALUES ('2450', 'ASE004', '4');
INSERT INTO BONO (CANT_BONO, COD_ASEGURADORA, ID_ASEGURADORA) VALUES ('6500', 'ASE005', '1');

INSERT INTO PRESTACION (NOM_PRESTACION, PRECIO_PRESTACION, CODIGO_PRESTACION, ID_ESPECIALIDAD, ID_TIPO_PRESTACION, ACTIVO) VALUES ('Consulta pediatra', '10000', 'PRES001', '1', '1', '1');
INSERT INTO PRESTACION (NOM_PRESTACION, PRECIO_PRESTACION, CODIGO_PRESTACION, ID_ESPECIALIDAD, ID_TIPO_PRESTACION, ACTIVO) VALUES ('Oftalmologia general', '15000', 'PRES002', '1', '1', '1');
INSERT INTO PRESTACION (NOM_PRESTACION, PRECIO_PRESTACION, CODIGO_PRESTACION, ID_ESPECIALIDAD, ID_TIPO_PRESTACION, ACTIVO) VALUES ('Dermatologia general', '12000', 'PRES003', '1', '1', '1');
INSERT INTO PRESTACION (NOM_PRESTACION, PRECIO_PRESTACION, CODIGO_PRESTACION, ID_ESPECIALIDAD, ID_TIPO_PRESTACION, ACTIVO) VALUES ('Nivel de bilirrubina', '18000', 'PRES004', '2', '2', '1');
INSERT INTO PRESTACION (NOM_PRESTACION, PRECIO_PRESTACION, CODIGO_PRESTACION, ID_ESPECIALIDAD, ID_TIPO_PRESTACION, ACTIVO) VALUES ('Examen de VIH o SIDA', '15000', 'PRES005', '2', '2', '1');
INSERT INTO PRESTACION (NOM_PRESTACION, PRECIO_PRESTACION, CODIGO_PRESTACION, ID_ESPECIALIDAD, ID_TIPO_PRESTACION, ACTIVO) VALUES ('Examen del funcionamiento del higado', '22000', 'PRES006', '2', '2', '1');
INSERT INTO PRESTACION (NOM_PRESTACION, PRECIO_PRESTACION, CODIGO_PRESTACION, ID_ESPECIALIDAD, ID_TIPO_PRESTACION, ACTIVO) VALUES ('Resonancia  magnetica', '80000', 'PRES007', '3', '3', '1');
INSERT INTO PRESTACION (NOM_PRESTACION, PRECIO_PRESTACION, CODIGO_PRESTACION, ID_ESPECIALIDAD, ID_TIPO_PRESTACION, ACTIVO) VALUES ('Mamografia', '50000', 'PRES008', '3', '3', '1');
INSERT INTO PRESTACION (NOM_PRESTACION, PRECIO_PRESTACION, CODIGO_PRESTACION, ID_ESPECIALIDAD, ID_TIPO_PRESTACION, ACTIVO) VALUES ('Procedimientos intervencionales endovasculares', '45000', 'PRES009', '3', '3', '1');

INSERT INTO EQUIPO_REQ (CANTIDAD, ID_TIPO_EQUIPO, ID_PRESTACION) VALUES ('3', '1', '3');
INSERT INTO EQUIPO_REQ (CANTIDAD, ID_TIPO_EQUIPO, ID_PRESTACION) VALUES ('1', '2', '5');
INSERT INTO EQUIPO_REQ (CANTIDAD, ID_TIPO_EQUIPO, ID_PRESTACION) VALUES ('2', '1', '5');

INSERT INTO CUEN_BANCARIA (ID_PERS_MEDICO, ID_TIPO_C_BANCARIA, NUM_C_BANCARIA, ID_BANCO) VALUES ('1', '1', '2100 0813 6101 2345', '4');
INSERT INTO CUEN_BANCARIA (ID_PERS_MEDICO, ID_TIPO_C_BANCARIA, NUM_C_BANCARIA, ID_BANCO) VALUES ('2', '2', '2132 4020 6244 1169', '2');
INSERT INTO CUEN_BANCARIA (ID_PERS_MEDICO, ID_TIPO_C_BANCARIA, NUM_C_BANCARIA, ID_BANCO) VALUES ('3', '3', '2160 4567 2335 7369', '1');

INSERT INTO LOGPAGOHONORARIO (TOTAL, FECHOR, ID_CUEN_BANCARIA) VALUES ('500000', TO_DATE('11/01/2016 08:30','MM/DD/YYYY HH24:MI'), '1');
INSERT INTO LOGPAGOHONORARIO (TOTAL, FECHOR, ID_CUEN_BANCARIA) VALUES ('450000', TO_DATE('11/01/2016 08:30','MM/DD/YYYY HH24:MI'), '2');
INSERT INTO LOGPAGOHONORARIO (TOTAL, FECHOR, ID_CUEN_BANCARIA) VALUES ('600000', TO_DATE('11/01/2016 08:30','MM/DD/YYYY HH24:MI'), '3');

INSERT INTO BLOQUE (NUM_BLOQUE, NUM_HORA_INI, NUM_MINU_INI, NUM_HORA_FIN, NUM_MINU_FIN, ID_DIA_SEM) VALUES ('1', '8', '0', '8', '29', '1');
INSERT INTO BLOQUE (NUM_BLOQUE, NUM_HORA_INI, NUM_MINU_INI, NUM_HORA_FIN, NUM_MINU_FIN, ID_DIA_SEM) VALUES ('2', '8', '30', '8', '59', '1');
INSERT INTO BLOQUE (NUM_BLOQUE, NUM_HORA_INI, NUM_MINU_INI, NUM_HORA_FIN, NUM_MINU_FIN, ID_DIA_SEM) VALUES ('3', '9', '0', '9', '29', '1');
INSERT INTO BLOQUE (NUM_BLOQUE, NUM_HORA_INI, NUM_MINU_INI, NUM_HORA_FIN, NUM_MINU_FIN, ID_DIA_SEM) VALUES ('4', '9', '30', '9', '59', '1');
INSERT INTO BLOQUE (NUM_BLOQUE, NUM_HORA_INI, NUM_MINU_INI, NUM_HORA_FIN, NUM_MINU_FIN, ID_DIA_SEM) VALUES ('5', '10', '0', '10', '29', '1');
INSERT INTO BLOQUE (NUM_BLOQUE, NUM_HORA_INI, NUM_MINU_INI, NUM_HORA_FIN, NUM_MINU_FIN, ID_DIA_SEM) VALUES ('6', '10', '30', '10', '59', '1');
INSERT INTO BLOQUE (NUM_BLOQUE, NUM_HORA_INI, NUM_MINU_INI, NUM_HORA_FIN, NUM_MINU_FIN, ID_DIA_SEM) VALUES ('7', '11', '0', '11', '29', '1');
INSERT INTO BLOQUE (NUM_BLOQUE, NUM_HORA_INI, NUM_MINU_INI, NUM_HORA_FIN, NUM_MINU_FIN, ID_DIA_SEM) VALUES ('8', '11', '30', '11', '59', '1');
INSERT INTO BLOQUE (NUM_BLOQUE, NUM_HORA_INI, NUM_MINU_INI, NUM_HORA_FIN, NUM_MINU_FIN, ID_DIA_SEM) VALUES ('9', '12', '0', '12', '29', '1');
INSERT INTO BLOQUE (NUM_BLOQUE, NUM_HORA_INI, NUM_MINU_INI, NUM_HORA_FIN, NUM_MINU_FIN, ID_DIA_SEM) VALUES ('10', '12', '30', '12', '59', '1');
INSERT INTO BLOQUE (NUM_BLOQUE, NUM_HORA_INI, NUM_MINU_INI, NUM_HORA_FIN, NUM_MINU_FIN, ID_DIA_SEM) VALUES ('11', '13', '0', '13', '29', '1');
INSERT INTO BLOQUE (NUM_BLOQUE, NUM_HORA_INI, NUM_MINU_INI, NUM_HORA_FIN, NUM_MINU_FIN, ID_DIA_SEM) VALUES ('12', '13', '30', '13', '59', '1');
INSERT INTO BLOQUE (NUM_BLOQUE, NUM_HORA_INI, NUM_MINU_INI, NUM_HORA_FIN, NUM_MINU_FIN, ID_DIA_SEM) VALUES ('13', '14', '0', '14', '29', '1');
INSERT INTO BLOQUE (NUM_BLOQUE, NUM_HORA_INI, NUM_MINU_INI, NUM_HORA_FIN, NUM_MINU_FIN, ID_DIA_SEM) VALUES ('14', '14', '30', '14', '59', '1');
INSERT INTO BLOQUE (NUM_BLOQUE, NUM_HORA_INI, NUM_MINU_INI, NUM_HORA_FIN, NUM_MINU_FIN, ID_DIA_SEM) VALUES ('15', '15', '0', '15', '29', '1');
INSERT INTO BLOQUE (NUM_BLOQUE, NUM_HORA_INI, NUM_MINU_INI, NUM_HORA_FIN, NUM_MINU_FIN, ID_DIA_SEM) VALUES ('16', '15', '30', '15', '59', '1');
INSERT INTO BLOQUE (NUM_BLOQUE, NUM_HORA_INI, NUM_MINU_INI, NUM_HORA_FIN, NUM_MINU_FIN, ID_DIA_SEM) VALUES ('17', '16', '0', '16', '29', '1');
INSERT INTO BLOQUE (NUM_BLOQUE, NUM_HORA_INI, NUM_MINU_INI, NUM_HORA_FIN, NUM_MINU_FIN, ID_DIA_SEM) VALUES ('18', '16', '30', '16', '59', '1');
INSERT INTO BLOQUE (NUM_BLOQUE, NUM_HORA_INI, NUM_MINU_INI, NUM_HORA_FIN, NUM_MINU_FIN, ID_DIA_SEM) VALUES ('19', '17', '0', '17', '29', '1');
INSERT INTO BLOQUE (NUM_BLOQUE, NUM_HORA_INI, NUM_MINU_INI, NUM_HORA_FIN, NUM_MINU_FIN, ID_DIA_SEM) VALUES ('20', '17', '30', '17', '59', '1');
INSERT INTO BLOQUE (NUM_BLOQUE, NUM_HORA_INI, NUM_MINU_INI, NUM_HORA_FIN, NUM_MINU_FIN, ID_DIA_SEM) VALUES ('21', '8', '0', '8', '29', '2');
INSERT INTO BLOQUE (NUM_BLOQUE, NUM_HORA_INI, NUM_MINU_INI, NUM_HORA_FIN, NUM_MINU_FIN, ID_DIA_SEM) VALUES ('22', '8', '30', '8', '59', '2');
INSERT INTO BLOQUE (NUM_BLOQUE, NUM_HORA_INI, NUM_MINU_INI, NUM_HORA_FIN, NUM_MINU_FIN, ID_DIA_SEM) VALUES ('23', '9', '0', '9', '29', '2');
INSERT INTO BLOQUE (NUM_BLOQUE, NUM_HORA_INI, NUM_MINU_INI, NUM_HORA_FIN, NUM_MINU_FIN, ID_DIA_SEM) VALUES ('24', '9', '30', '9', '59', '2');
INSERT INTO BLOQUE (NUM_BLOQUE, NUM_HORA_INI, NUM_MINU_INI, NUM_HORA_FIN, NUM_MINU_FIN, ID_DIA_SEM) VALUES ('25', '10', '0', '10', '29', '2');
INSERT INTO BLOQUE (NUM_BLOQUE, NUM_HORA_INI, NUM_MINU_INI, NUM_HORA_FIN, NUM_MINU_FIN, ID_DIA_SEM) VALUES ('26', '10', '30', '10', '59', '2');
INSERT INTO BLOQUE (NUM_BLOQUE, NUM_HORA_INI, NUM_MINU_INI, NUM_HORA_FIN, NUM_MINU_FIN, ID_DIA_SEM) VALUES ('27', '11', '0', '11', '29', '2');
INSERT INTO BLOQUE (NUM_BLOQUE, NUM_HORA_INI, NUM_MINU_INI, NUM_HORA_FIN, NUM_MINU_FIN, ID_DIA_SEM) VALUES ('28', '11', '30', '11', '59', '2');
INSERT INTO BLOQUE (NUM_BLOQUE, NUM_HORA_INI, NUM_MINU_INI, NUM_HORA_FIN, NUM_MINU_FIN, ID_DIA_SEM) VALUES ('29', '12', '0', '12', '29', '2');
INSERT INTO BLOQUE (NUM_BLOQUE, NUM_HORA_INI, NUM_MINU_INI, NUM_HORA_FIN, NUM_MINU_FIN, ID_DIA_SEM) VALUES ('29', '12', '30', '12', '59', '2');
INSERT INTO BLOQUE (NUM_BLOQUE, NUM_HORA_INI, NUM_MINU_INI, NUM_HORA_FIN, NUM_MINU_FIN, ID_DIA_SEM) VALUES ('30', '13', '0', '13', '29', '2');
INSERT INTO BLOQUE (NUM_BLOQUE, NUM_HORA_INI, NUM_MINU_INI, NUM_HORA_FIN, NUM_MINU_FIN, ID_DIA_SEM) VALUES ('32', '13', '30', '13', '59', '2');
INSERT INTO BLOQUE (NUM_BLOQUE, NUM_HORA_INI, NUM_MINU_INI, NUM_HORA_FIN, NUM_MINU_FIN, ID_DIA_SEM) VALUES ('33', '14', '0', '14', '29', '2');
INSERT INTO BLOQUE (NUM_BLOQUE, NUM_HORA_INI, NUM_MINU_INI, NUM_HORA_FIN, NUM_MINU_FIN, ID_DIA_SEM) VALUES ('34', '14', '30', '14', '59', '2');
INSERT INTO BLOQUE (NUM_BLOQUE, NUM_HORA_INI, NUM_MINU_INI, NUM_HORA_FIN, NUM_MINU_FIN, ID_DIA_SEM) VALUES ('35', '15', '0', '15', '29', '2');
INSERT INTO BLOQUE (NUM_BLOQUE, NUM_HORA_INI, NUM_MINU_INI, NUM_HORA_FIN, NUM_MINU_FIN, ID_DIA_SEM) VALUES ('36', '15', '30', '15', '59', '2');
INSERT INTO BLOQUE (NUM_BLOQUE, NUM_HORA_INI, NUM_MINU_INI, NUM_HORA_FIN, NUM_MINU_FIN, ID_DIA_SEM) VALUES ('37', '16', '0', '16', '29', '2');
INSERT INTO BLOQUE (NUM_BLOQUE, NUM_HORA_INI, NUM_MINU_INI, NUM_HORA_FIN, NUM_MINU_FIN, ID_DIA_SEM) VALUES ('38', '16', '30', '16', '59', '2');
INSERT INTO BLOQUE (NUM_BLOQUE, NUM_HORA_INI, NUM_MINU_INI, NUM_HORA_FIN, NUM_MINU_FIN, ID_DIA_SEM) VALUES ('39', '17', '0', '17', '29', '2');
INSERT INTO BLOQUE (NUM_BLOQUE, NUM_HORA_INI, NUM_MINU_INI, NUM_HORA_FIN, NUM_MINU_FIN, ID_DIA_SEM) VALUES ('40', '17', '30', '17', '59', '2');
INSERT INTO BLOQUE (NUM_BLOQUE, NUM_HORA_INI, NUM_MINU_INI, NUM_HORA_FIN, NUM_MINU_FIN, ID_DIA_SEM) VALUES ('41', '8', '0', '8', '29', '3');
INSERT INTO BLOQUE (NUM_BLOQUE, NUM_HORA_INI, NUM_MINU_INI, NUM_HORA_FIN, NUM_MINU_FIN, ID_DIA_SEM) VALUES ('42', '8', '30', '8', '59', '3');
INSERT INTO BLOQUE (NUM_BLOQUE, NUM_HORA_INI, NUM_MINU_INI, NUM_HORA_FIN, NUM_MINU_FIN, ID_DIA_SEM) VALUES ('43', '9', '0', '9', '29', '3');
INSERT INTO BLOQUE (NUM_BLOQUE, NUM_HORA_INI, NUM_MINU_INI, NUM_HORA_FIN, NUM_MINU_FIN, ID_DIA_SEM) VALUES ('44', '9', '30', '9', '59', '3');
INSERT INTO BLOQUE (NUM_BLOQUE, NUM_HORA_INI, NUM_MINU_INI, NUM_HORA_FIN, NUM_MINU_FIN, ID_DIA_SEM) VALUES ('45', '10', '0', '10', '29', '3');
INSERT INTO BLOQUE (NUM_BLOQUE, NUM_HORA_INI, NUM_MINU_INI, NUM_HORA_FIN, NUM_MINU_FIN, ID_DIA_SEM) VALUES ('46', '10', '30', '10', '59', '3');
INSERT INTO BLOQUE (NUM_BLOQUE, NUM_HORA_INI, NUM_MINU_INI, NUM_HORA_FIN, NUM_MINU_FIN, ID_DIA_SEM) VALUES ('47', '11', '0', '11', '29', '3');
INSERT INTO BLOQUE (NUM_BLOQUE, NUM_HORA_INI, NUM_MINU_INI, NUM_HORA_FIN, NUM_MINU_FIN, ID_DIA_SEM) VALUES ('48', '11', '30', '11', '59', '3');
INSERT INTO BLOQUE (NUM_BLOQUE, NUM_HORA_INI, NUM_MINU_INI, NUM_HORA_FIN, NUM_MINU_FIN, ID_DIA_SEM) VALUES ('49', '12', '0', '12', '29', '3');
INSERT INTO BLOQUE (NUM_BLOQUE, NUM_HORA_INI, NUM_MINU_INI, NUM_HORA_FIN, NUM_MINU_FIN, ID_DIA_SEM) VALUES ('50', '12', '30', '12', '59', '3');
INSERT INTO BLOQUE (NUM_BLOQUE, NUM_HORA_INI, NUM_MINU_INI, NUM_HORA_FIN, NUM_MINU_FIN, ID_DIA_SEM) VALUES ('51', '13', '0', '13', '29', '3');
INSERT INTO BLOQUE (NUM_BLOQUE, NUM_HORA_INI, NUM_MINU_INI, NUM_HORA_FIN, NUM_MINU_FIN, ID_DIA_SEM) VALUES ('52', '13', '30', '13', '59', '3');
INSERT INTO BLOQUE (NUM_BLOQUE, NUM_HORA_INI, NUM_MINU_INI, NUM_HORA_FIN, NUM_MINU_FIN, ID_DIA_SEM) VALUES ('53', '14', '0', '14', '29', '3');
INSERT INTO BLOQUE (NUM_BLOQUE, NUM_HORA_INI, NUM_MINU_INI, NUM_HORA_FIN, NUM_MINU_FIN, ID_DIA_SEM) VALUES ('54', '14', '30', '14', '59', '3');
INSERT INTO BLOQUE (NUM_BLOQUE, NUM_HORA_INI, NUM_MINU_INI, NUM_HORA_FIN, NUM_MINU_FIN, ID_DIA_SEM) VALUES ('55', '15', '0', '15', '29', '3');
INSERT INTO BLOQUE (NUM_BLOQUE, NUM_HORA_INI, NUM_MINU_INI, NUM_HORA_FIN, NUM_MINU_FIN, ID_DIA_SEM) VALUES ('56', '15', '30', '15', '59', '3');
INSERT INTO BLOQUE (NUM_BLOQUE, NUM_HORA_INI, NUM_MINU_INI, NUM_HORA_FIN, NUM_MINU_FIN, ID_DIA_SEM) VALUES ('57', '16', '0', '16', '29', '3');
INSERT INTO BLOQUE (NUM_BLOQUE, NUM_HORA_INI, NUM_MINU_INI, NUM_HORA_FIN, NUM_MINU_FIN, ID_DIA_SEM) VALUES ('58', '16', '30', '16', '59', '3');
INSERT INTO BLOQUE (NUM_BLOQUE, NUM_HORA_INI, NUM_MINU_INI, NUM_HORA_FIN, NUM_MINU_FIN, ID_DIA_SEM) VALUES ('59', '17', '0', '17', '29', '3');
INSERT INTO BLOQUE (NUM_BLOQUE, NUM_HORA_INI, NUM_MINU_INI, NUM_HORA_FIN, NUM_MINU_FIN, ID_DIA_SEM) VALUES ('60', '17', '30', '17', '59', '3');
INSERT INTO BLOQUE (NUM_BLOQUE, NUM_HORA_INI, NUM_MINU_INI, NUM_HORA_FIN, NUM_MINU_FIN, ID_DIA_SEM) VALUES ('61', '8', '0', '8', '29', '4');
INSERT INTO BLOQUE (NUM_BLOQUE, NUM_HORA_INI, NUM_MINU_INI, NUM_HORA_FIN, NUM_MINU_FIN, ID_DIA_SEM) VALUES ('62', '8', '30', '8', '59', '4');
INSERT INTO BLOQUE (NUM_BLOQUE, NUM_HORA_INI, NUM_MINU_INI, NUM_HORA_FIN, NUM_MINU_FIN, ID_DIA_SEM) VALUES ('63', '9', '0', '9', '29', '4');
INSERT INTO BLOQUE (NUM_BLOQUE, NUM_HORA_INI, NUM_MINU_INI, NUM_HORA_FIN, NUM_MINU_FIN, ID_DIA_SEM) VALUES ('64', '9', '30', '9', '59', '4');
INSERT INTO BLOQUE (NUM_BLOQUE, NUM_HORA_INI, NUM_MINU_INI, NUM_HORA_FIN, NUM_MINU_FIN, ID_DIA_SEM) VALUES ('65', '10', '0', '10', '29', '4');
INSERT INTO BLOQUE (NUM_BLOQUE, NUM_HORA_INI, NUM_MINU_INI, NUM_HORA_FIN, NUM_MINU_FIN, ID_DIA_SEM) VALUES ('66', '10', '30', '10', '59', '4');
INSERT INTO BLOQUE (NUM_BLOQUE, NUM_HORA_INI, NUM_MINU_INI, NUM_HORA_FIN, NUM_MINU_FIN, ID_DIA_SEM) VALUES ('67', '11', '0', '11', '29', '4');
INSERT INTO BLOQUE (NUM_BLOQUE, NUM_HORA_INI, NUM_MINU_INI, NUM_HORA_FIN, NUM_MINU_FIN, ID_DIA_SEM) VALUES ('68', '11', '30', '11', '59', '4');
INSERT INTO BLOQUE (NUM_BLOQUE, NUM_HORA_INI, NUM_MINU_INI, NUM_HORA_FIN, NUM_MINU_FIN, ID_DIA_SEM) VALUES ('69', '12', '0', '12', '29', '4');
INSERT INTO BLOQUE (NUM_BLOQUE, NUM_HORA_INI, NUM_MINU_INI, NUM_HORA_FIN, NUM_MINU_FIN, ID_DIA_SEM) VALUES ('70', '12', '30', '12', '59', '4');
INSERT INTO BLOQUE (NUM_BLOQUE, NUM_HORA_INI, NUM_MINU_INI, NUM_HORA_FIN, NUM_MINU_FIN, ID_DIA_SEM) VALUES ('71', '13', '0', '13', '29', '4');
INSERT INTO BLOQUE (NUM_BLOQUE, NUM_HORA_INI, NUM_MINU_INI, NUM_HORA_FIN, NUM_MINU_FIN, ID_DIA_SEM) VALUES ('72', '13', '30', '13', '59', '4');
INSERT INTO BLOQUE (NUM_BLOQUE, NUM_HORA_INI, NUM_MINU_INI, NUM_HORA_FIN, NUM_MINU_FIN, ID_DIA_SEM) VALUES ('73', '14', '0', '14', '29', '4');
INSERT INTO BLOQUE (NUM_BLOQUE, NUM_HORA_INI, NUM_MINU_INI, NUM_HORA_FIN, NUM_MINU_FIN, ID_DIA_SEM) VALUES ('74', '14', '30', '14', '59', '4');
INSERT INTO BLOQUE (NUM_BLOQUE, NUM_HORA_INI, NUM_MINU_INI, NUM_HORA_FIN, NUM_MINU_FIN, ID_DIA_SEM) VALUES ('75', '15', '0', '15', '29', '4');
INSERT INTO BLOQUE (NUM_BLOQUE, NUM_HORA_INI, NUM_MINU_INI, NUM_HORA_FIN, NUM_MINU_FIN, ID_DIA_SEM) VALUES ('76', '15', '30', '15', '59', '4');
INSERT INTO BLOQUE (NUM_BLOQUE, NUM_HORA_INI, NUM_MINU_INI, NUM_HORA_FIN, NUM_MINU_FIN, ID_DIA_SEM) VALUES ('77', '16', '0', '16', '29', '4');
INSERT INTO BLOQUE (NUM_BLOQUE, NUM_HORA_INI, NUM_MINU_INI, NUM_HORA_FIN, NUM_MINU_FIN, ID_DIA_SEM) VALUES ('78', '16', '30', '16', '59', '4');
INSERT INTO BLOQUE (NUM_BLOQUE, NUM_HORA_INI, NUM_MINU_INI, NUM_HORA_FIN, NUM_MINU_FIN, ID_DIA_SEM) VALUES ('79', '17', '0', '17', '29', '4');
INSERT INTO BLOQUE (NUM_BLOQUE, NUM_HORA_INI, NUM_MINU_INI, NUM_HORA_FIN, NUM_MINU_FIN, ID_DIA_SEM) VALUES ('80', '17', '30', '17', '59', '4');
INSERT INTO BLOQUE (NUM_BLOQUE, NUM_HORA_INI, NUM_MINU_INI, NUM_HORA_FIN, NUM_MINU_FIN, ID_DIA_SEM) VALUES ('81', '8', '0', '8', '29', '5');
INSERT INTO BLOQUE (NUM_BLOQUE, NUM_HORA_INI, NUM_MINU_INI, NUM_HORA_FIN, NUM_MINU_FIN, ID_DIA_SEM) VALUES ('82', '8', '30', '8', '59', '5');
INSERT INTO BLOQUE (NUM_BLOQUE, NUM_HORA_INI, NUM_MINU_INI, NUM_HORA_FIN, NUM_MINU_FIN, ID_DIA_SEM) VALUES ('83', '9', '0', '9', '29', '5');
INSERT INTO BLOQUE (NUM_BLOQUE, NUM_HORA_INI, NUM_MINU_INI, NUM_HORA_FIN, NUM_MINU_FIN, ID_DIA_SEM) VALUES ('84', '9', '30', '9', '59', '5');
INSERT INTO BLOQUE (NUM_BLOQUE, NUM_HORA_INI, NUM_MINU_INI, NUM_HORA_FIN, NUM_MINU_FIN, ID_DIA_SEM) VALUES ('85', '10', '0', '10', '29', '5');
INSERT INTO BLOQUE (NUM_BLOQUE, NUM_HORA_INI, NUM_MINU_INI, NUM_HORA_FIN, NUM_MINU_FIN, ID_DIA_SEM) VALUES ('86', '10', '30', '10', '59', '5');
INSERT INTO BLOQUE (NUM_BLOQUE, NUM_HORA_INI, NUM_MINU_INI, NUM_HORA_FIN, NUM_MINU_FIN, ID_DIA_SEM) VALUES ('87', '11', '0', '11', '29', '5');
INSERT INTO BLOQUE (NUM_BLOQUE, NUM_HORA_INI, NUM_MINU_INI, NUM_HORA_FIN, NUM_MINU_FIN, ID_DIA_SEM) VALUES ('88', '11', '30', '11', '59', '5');
INSERT INTO BLOQUE (NUM_BLOQUE, NUM_HORA_INI, NUM_MINU_INI, NUM_HORA_FIN, NUM_MINU_FIN, ID_DIA_SEM) VALUES ('89', '12', '0', '12', '29', '5');
INSERT INTO BLOQUE (NUM_BLOQUE, NUM_HORA_INI, NUM_MINU_INI, NUM_HORA_FIN, NUM_MINU_FIN, ID_DIA_SEM) VALUES ('90', '12', '30', '12', '59', '5');
INSERT INTO BLOQUE (NUM_BLOQUE, NUM_HORA_INI, NUM_MINU_INI, NUM_HORA_FIN, NUM_MINU_FIN, ID_DIA_SEM) VALUES ('91', '13', '0', '13', '29', '5');
INSERT INTO BLOQUE (NUM_BLOQUE, NUM_HORA_INI, NUM_MINU_INI, NUM_HORA_FIN, NUM_MINU_FIN, ID_DIA_SEM) VALUES ('92', '13', '30', '13', '59', '5');
INSERT INTO BLOQUE (NUM_BLOQUE, NUM_HORA_INI, NUM_MINU_INI, NUM_HORA_FIN, NUM_MINU_FIN, ID_DIA_SEM) VALUES ('93', '14', '0', '14', '29', '5');
INSERT INTO BLOQUE (NUM_BLOQUE, NUM_HORA_INI, NUM_MINU_INI, NUM_HORA_FIN, NUM_MINU_FIN, ID_DIA_SEM) VALUES ('94', '14', '30', '14', '59', '5');
INSERT INTO BLOQUE (NUM_BLOQUE, NUM_HORA_INI, NUM_MINU_INI, NUM_HORA_FIN, NUM_MINU_FIN, ID_DIA_SEM) VALUES ('95', '15', '0', '15', '29', '5');
INSERT INTO BLOQUE (NUM_BLOQUE, NUM_HORA_INI, NUM_MINU_INI, NUM_HORA_FIN, NUM_MINU_FIN, ID_DIA_SEM) VALUES ('96', '15', '30', '15', '59', '5');
INSERT INTO BLOQUE (NUM_BLOQUE, NUM_HORA_INI, NUM_MINU_INI, NUM_HORA_FIN, NUM_MINU_FIN, ID_DIA_SEM) VALUES ('97', '16', '0', '16', '29', '5');
INSERT INTO BLOQUE (NUM_BLOQUE, NUM_HORA_INI, NUM_MINU_INI, NUM_HORA_FIN, NUM_MINU_FIN, ID_DIA_SEM) VALUES ('98', '16', '30', '16', '59', '5');
INSERT INTO BLOQUE (NUM_BLOQUE, NUM_HORA_INI, NUM_MINU_INI, NUM_HORA_FIN, NUM_MINU_FIN, ID_DIA_SEM) VALUES ('99', '17', '0', '17', '29', '5');
INSERT INTO BLOQUE (NUM_BLOQUE, NUM_HORA_INI, NUM_MINU_INI, NUM_HORA_FIN, NUM_MINU_FIN, ID_DIA_SEM) VALUES ('100', '17', '30', '17', '59', '5');

INSERT INTO HORARIO (ID_BLOQUE, ID_PERS_MEDICO) VALUES ('1', '1');
INSERT INTO HORARIO (ID_BLOQUE, ID_PERS_MEDICO) VALUES ('2', '1');
INSERT INTO HORARIO (ID_BLOQUE, ID_PERS_MEDICO) VALUES ('3', '1');
INSERT INTO HORARIO (ID_BLOQUE, ID_PERS_MEDICO) VALUES ('4', '1');
INSERT INTO HORARIO (ID_BLOQUE, ID_PERS_MEDICO) VALUES ('5', '1');
INSERT INTO HORARIO (ID_BLOQUE, ID_PERS_MEDICO) VALUES ('6', '1');
INSERT INTO HORARIO (ID_BLOQUE, ID_PERS_MEDICO) VALUES ('7', '1');
INSERT INTO HORARIO (ID_BLOQUE, ID_PERS_MEDICO) VALUES ('8', '1');
INSERT INTO HORARIO (ID_BLOQUE, ID_PERS_MEDICO) VALUES ('9', '1');
INSERT INTO HORARIO (ID_BLOQUE, ID_PERS_MEDICO) VALUES ('10', '1');
INSERT INTO HORARIO (ID_BLOQUE, ID_PERS_MEDICO) VALUES ('11', '1');
INSERT INTO HORARIO (ID_BLOQUE, ID_PERS_MEDICO) VALUES ('12', '1');
INSERT INTO HORARIO (ID_BLOQUE, ID_PERS_MEDICO) VALUES ('13', '1');
INSERT INTO HORARIO (ID_BLOQUE, ID_PERS_MEDICO) VALUES ('14', '1');
INSERT INTO HORARIO (ID_BLOQUE, ID_PERS_MEDICO) VALUES ('15', '1');
INSERT INTO HORARIO (ID_BLOQUE, ID_PERS_MEDICO) VALUES ('16', '1');
INSERT INTO HORARIO (ID_BLOQUE, ID_PERS_MEDICO) VALUES ('17', '1');
INSERT INTO HORARIO (ID_BLOQUE, ID_PERS_MEDICO) VALUES ('18', '1');
INSERT INTO HORARIO (ID_BLOQUE, ID_PERS_MEDICO) VALUES ('19', '1');
INSERT INTO HORARIO (ID_BLOQUE, ID_PERS_MEDICO) VALUES ('20', '1');
INSERT INTO HORARIO (ID_BLOQUE, ID_PERS_MEDICO) VALUES ('21', '1');
INSERT INTO HORARIO (ID_BLOQUE, ID_PERS_MEDICO) VALUES ('22', '1');
INSERT INTO HORARIO (ID_BLOQUE, ID_PERS_MEDICO) VALUES ('23', '1');
INSERT INTO HORARIO (ID_BLOQUE, ID_PERS_MEDICO) VALUES ('24', '1');
INSERT INTO HORARIO (ID_BLOQUE, ID_PERS_MEDICO) VALUES ('25', '1');
INSERT INTO HORARIO (ID_BLOQUE, ID_PERS_MEDICO) VALUES ('26', '1');
INSERT INTO HORARIO (ID_BLOQUE, ID_PERS_MEDICO) VALUES ('27', '1');
INSERT INTO HORARIO (ID_BLOQUE, ID_PERS_MEDICO) VALUES ('28', '1');
INSERT INTO HORARIO (ID_BLOQUE, ID_PERS_MEDICO) VALUES ('29', '1');
INSERT INTO HORARIO (ID_BLOQUE, ID_PERS_MEDICO) VALUES ('29', '1');
INSERT INTO HORARIO (ID_BLOQUE, ID_PERS_MEDICO) VALUES ('30', '1');
INSERT INTO HORARIO (ID_BLOQUE, ID_PERS_MEDICO) VALUES ('32', '1');
INSERT INTO HORARIO (ID_BLOQUE, ID_PERS_MEDICO) VALUES ('33', '1');
INSERT INTO HORARIO (ID_BLOQUE, ID_PERS_MEDICO) VALUES ('34', '1');
INSERT INTO HORARIO (ID_BLOQUE, ID_PERS_MEDICO) VALUES ('35', '1');
INSERT INTO HORARIO (ID_BLOQUE, ID_PERS_MEDICO) VALUES ('36', '1');
INSERT INTO HORARIO (ID_BLOQUE, ID_PERS_MEDICO) VALUES ('37', '1');
INSERT INTO HORARIO (ID_BLOQUE, ID_PERS_MEDICO) VALUES ('38', '1');
INSERT INTO HORARIO (ID_BLOQUE, ID_PERS_MEDICO) VALUES ('39', '1');
INSERT INTO HORARIO (ID_BLOQUE, ID_PERS_MEDICO) VALUES ('40', '1');
INSERT INTO HORARIO (ID_BLOQUE, ID_PERS_MEDICO) VALUES ('41', '1');
INSERT INTO HORARIO (ID_BLOQUE, ID_PERS_MEDICO) VALUES ('42', '1');
INSERT INTO HORARIO (ID_BLOQUE, ID_PERS_MEDICO) VALUES ('43', '1');
INSERT INTO HORARIO (ID_BLOQUE, ID_PERS_MEDICO) VALUES ('44', '1');
INSERT INTO HORARIO (ID_BLOQUE, ID_PERS_MEDICO) VALUES ('45', '1');
INSERT INTO HORARIO (ID_BLOQUE, ID_PERS_MEDICO) VALUES ('46', '1');
INSERT INTO HORARIO (ID_BLOQUE, ID_PERS_MEDICO) VALUES ('47', '1');
INSERT INTO HORARIO (ID_BLOQUE, ID_PERS_MEDICO) VALUES ('48', '1');
INSERT INTO HORARIO (ID_BLOQUE, ID_PERS_MEDICO) VALUES ('49', '1');
INSERT INTO HORARIO (ID_BLOQUE, ID_PERS_MEDICO) VALUES ('50', '1');
INSERT INTO HORARIO (ID_BLOQUE, ID_PERS_MEDICO) VALUES ('51', '1');
INSERT INTO HORARIO (ID_BLOQUE, ID_PERS_MEDICO) VALUES ('52', '1');
INSERT INTO HORARIO (ID_BLOQUE, ID_PERS_MEDICO) VALUES ('53', '1');
INSERT INTO HORARIO (ID_BLOQUE, ID_PERS_MEDICO) VALUES ('54', '1');
INSERT INTO HORARIO (ID_BLOQUE, ID_PERS_MEDICO) VALUES ('55', '1');
INSERT INTO HORARIO (ID_BLOQUE, ID_PERS_MEDICO) VALUES ('56', '1');
INSERT INTO HORARIO (ID_BLOQUE, ID_PERS_MEDICO) VALUES ('57', '1');
INSERT INTO HORARIO (ID_BLOQUE, ID_PERS_MEDICO) VALUES ('58', '1');
INSERT INTO HORARIO (ID_BLOQUE, ID_PERS_MEDICO) VALUES ('59', '1');
INSERT INTO HORARIO (ID_BLOQUE, ID_PERS_MEDICO) VALUES ('60', '1');
INSERT INTO HORARIO (ID_BLOQUE, ID_PERS_MEDICO) VALUES ('61', '1');
INSERT INTO HORARIO (ID_BLOQUE, ID_PERS_MEDICO) VALUES ('62', '1');
INSERT INTO HORARIO (ID_BLOQUE, ID_PERS_MEDICO) VALUES ('63', '1');
INSERT INTO HORARIO (ID_BLOQUE, ID_PERS_MEDICO) VALUES ('64', '1');
INSERT INTO HORARIO (ID_BLOQUE, ID_PERS_MEDICO) VALUES ('65', '1');
INSERT INTO HORARIO (ID_BLOQUE, ID_PERS_MEDICO) VALUES ('66', '1');
INSERT INTO HORARIO (ID_BLOQUE, ID_PERS_MEDICO) VALUES ('67', '1');
INSERT INTO HORARIO (ID_BLOQUE, ID_PERS_MEDICO) VALUES ('68', '1');
INSERT INTO HORARIO (ID_BLOQUE, ID_PERS_MEDICO) VALUES ('69', '1');
INSERT INTO HORARIO (ID_BLOQUE, ID_PERS_MEDICO) VALUES ('70', '1');
INSERT INTO HORARIO (ID_BLOQUE, ID_PERS_MEDICO) VALUES ('71', '1');
INSERT INTO HORARIO (ID_BLOQUE, ID_PERS_MEDICO) VALUES ('72', '1');
INSERT INTO HORARIO (ID_BLOQUE, ID_PERS_MEDICO) VALUES ('73', '1');
INSERT INTO HORARIO (ID_BLOQUE, ID_PERS_MEDICO) VALUES ('74', '1');
INSERT INTO HORARIO (ID_BLOQUE, ID_PERS_MEDICO) VALUES ('75', '1');
INSERT INTO HORARIO (ID_BLOQUE, ID_PERS_MEDICO) VALUES ('76', '1');
INSERT INTO HORARIO (ID_BLOQUE, ID_PERS_MEDICO) VALUES ('77', '1');
INSERT INTO HORARIO (ID_BLOQUE, ID_PERS_MEDICO) VALUES ('78', '1');
INSERT INTO HORARIO (ID_BLOQUE, ID_PERS_MEDICO) VALUES ('79', '1');
INSERT INTO HORARIO (ID_BLOQUE, ID_PERS_MEDICO) VALUES ('80', '1');
INSERT INTO HORARIO (ID_BLOQUE, ID_PERS_MEDICO) VALUES ('81', '1');
INSERT INTO HORARIO (ID_BLOQUE, ID_PERS_MEDICO) VALUES ('82', '1');
INSERT INTO HORARIO (ID_BLOQUE, ID_PERS_MEDICO) VALUES ('83', '1');
INSERT INTO HORARIO (ID_BLOQUE, ID_PERS_MEDICO) VALUES ('84', '1');
INSERT INTO HORARIO (ID_BLOQUE, ID_PERS_MEDICO) VALUES ('85', '1');
INSERT INTO HORARIO (ID_BLOQUE, ID_PERS_MEDICO) VALUES ('86', '1');
INSERT INTO HORARIO (ID_BLOQUE, ID_PERS_MEDICO) VALUES ('87', '1');
INSERT INTO HORARIO (ID_BLOQUE, ID_PERS_MEDICO) VALUES ('88', '1');
INSERT INTO HORARIO (ID_BLOQUE, ID_PERS_MEDICO) VALUES ('89', '1');
INSERT INTO HORARIO (ID_BLOQUE, ID_PERS_MEDICO) VALUES ('90', '1');
INSERT INTO HORARIO (ID_BLOQUE, ID_PERS_MEDICO) VALUES ('91', '1');
INSERT INTO HORARIO (ID_BLOQUE, ID_PERS_MEDICO) VALUES ('92', '1');
INSERT INTO HORARIO (ID_BLOQUE, ID_PERS_MEDICO) VALUES ('93', '1');
INSERT INTO HORARIO (ID_BLOQUE, ID_PERS_MEDICO) VALUES ('94', '1');
INSERT INTO HORARIO (ID_BLOQUE, ID_PERS_MEDICO) VALUES ('95', '1');
INSERT INTO HORARIO (ID_BLOQUE, ID_PERS_MEDICO) VALUES ('96', '1');
INSERT INTO HORARIO (ID_BLOQUE, ID_PERS_MEDICO) VALUES ('97', '1');
INSERT INTO HORARIO (ID_BLOQUE, ID_PERS_MEDICO) VALUES ('98', '1');
INSERT INTO HORARIO (ID_BLOQUE, ID_PERS_MEDICO) VALUES ('99', '1');
INSERT INTO HORARIO (ID_BLOQUE, ID_PERS_MEDICO) VALUES ('100', '1');
INSERT INTO HORARIO (ID_BLOQUE, ID_PERS_MEDICO) VALUES ('1', '2');
INSERT INTO HORARIO (ID_BLOQUE, ID_PERS_MEDICO) VALUES ('2', '2');
INSERT INTO HORARIO (ID_BLOQUE, ID_PERS_MEDICO) VALUES ('3', '2');
INSERT INTO HORARIO (ID_BLOQUE, ID_PERS_MEDICO) VALUES ('4', '2');
INSERT INTO HORARIO (ID_BLOQUE, ID_PERS_MEDICO) VALUES ('5', '2');
INSERT INTO HORARIO (ID_BLOQUE, ID_PERS_MEDICO) VALUES ('6', '2');
INSERT INTO HORARIO (ID_BLOQUE, ID_PERS_MEDICO) VALUES ('7', '2');
INSERT INTO HORARIO (ID_BLOQUE, ID_PERS_MEDICO) VALUES ('8', '2');
INSERT INTO HORARIO (ID_BLOQUE, ID_PERS_MEDICO) VALUES ('9', '2');
INSERT INTO HORARIO (ID_BLOQUE, ID_PERS_MEDICO) VALUES ('10', '2');
INSERT INTO HORARIO (ID_BLOQUE, ID_PERS_MEDICO) VALUES ('11', '2');
INSERT INTO HORARIO (ID_BLOQUE, ID_PERS_MEDICO) VALUES ('12', '2');
INSERT INTO HORARIO (ID_BLOQUE, ID_PERS_MEDICO) VALUES ('13', '2');
INSERT INTO HORARIO (ID_BLOQUE, ID_PERS_MEDICO) VALUES ('14', '2');
INSERT INTO HORARIO (ID_BLOQUE, ID_PERS_MEDICO) VALUES ('15', '2');
INSERT INTO HORARIO (ID_BLOQUE, ID_PERS_MEDICO) VALUES ('16', '2');
INSERT INTO HORARIO (ID_BLOQUE, ID_PERS_MEDICO) VALUES ('17', '2');
INSERT INTO HORARIO (ID_BLOQUE, ID_PERS_MEDICO) VALUES ('18', '2');
INSERT INTO HORARIO (ID_BLOQUE, ID_PERS_MEDICO) VALUES ('19', '2');
INSERT INTO HORARIO (ID_BLOQUE, ID_PERS_MEDICO) VALUES ('20', '2');
INSERT INTO HORARIO (ID_BLOQUE, ID_PERS_MEDICO) VALUES ('21', '2');
INSERT INTO HORARIO (ID_BLOQUE, ID_PERS_MEDICO) VALUES ('22', '2');
INSERT INTO HORARIO (ID_BLOQUE, ID_PERS_MEDICO) VALUES ('23', '2');
INSERT INTO HORARIO (ID_BLOQUE, ID_PERS_MEDICO) VALUES ('24', '2');
INSERT INTO HORARIO (ID_BLOQUE, ID_PERS_MEDICO) VALUES ('25', '2');
INSERT INTO HORARIO (ID_BLOQUE, ID_PERS_MEDICO) VALUES ('26', '2');
INSERT INTO HORARIO (ID_BLOQUE, ID_PERS_MEDICO) VALUES ('27', '2');
INSERT INTO HORARIO (ID_BLOQUE, ID_PERS_MEDICO) VALUES ('28', '2');
INSERT INTO HORARIO (ID_BLOQUE, ID_PERS_MEDICO) VALUES ('29', '2');
INSERT INTO HORARIO (ID_BLOQUE, ID_PERS_MEDICO) VALUES ('29', '2');
INSERT INTO HORARIO (ID_BLOQUE, ID_PERS_MEDICO) VALUES ('30', '2');
INSERT INTO HORARIO (ID_BLOQUE, ID_PERS_MEDICO) VALUES ('32', '2');
INSERT INTO HORARIO (ID_BLOQUE, ID_PERS_MEDICO) VALUES ('33', '2');
INSERT INTO HORARIO (ID_BLOQUE, ID_PERS_MEDICO) VALUES ('34', '2');
INSERT INTO HORARIO (ID_BLOQUE, ID_PERS_MEDICO) VALUES ('35', '2');
INSERT INTO HORARIO (ID_BLOQUE, ID_PERS_MEDICO) VALUES ('36', '2');
INSERT INTO HORARIO (ID_BLOQUE, ID_PERS_MEDICO) VALUES ('37', '2');
INSERT INTO HORARIO (ID_BLOQUE, ID_PERS_MEDICO) VALUES ('38', '2');
INSERT INTO HORARIO (ID_BLOQUE, ID_PERS_MEDICO) VALUES ('39', '2');
INSERT INTO HORARIO (ID_BLOQUE, ID_PERS_MEDICO) VALUES ('40', '2');
INSERT INTO HORARIO (ID_BLOQUE, ID_PERS_MEDICO) VALUES ('41', '2');
INSERT INTO HORARIO (ID_BLOQUE, ID_PERS_MEDICO) VALUES ('42', '2');
INSERT INTO HORARIO (ID_BLOQUE, ID_PERS_MEDICO) VALUES ('43', '2');
INSERT INTO HORARIO (ID_BLOQUE, ID_PERS_MEDICO) VALUES ('44', '2');
INSERT INTO HORARIO (ID_BLOQUE, ID_PERS_MEDICO) VALUES ('45', '2');
INSERT INTO HORARIO (ID_BLOQUE, ID_PERS_MEDICO) VALUES ('46', '2');
INSERT INTO HORARIO (ID_BLOQUE, ID_PERS_MEDICO) VALUES ('47', '2');
INSERT INTO HORARIO (ID_BLOQUE, ID_PERS_MEDICO) VALUES ('48', '2');
INSERT INTO HORARIO (ID_BLOQUE, ID_PERS_MEDICO) VALUES ('49', '2');
INSERT INTO HORARIO (ID_BLOQUE, ID_PERS_MEDICO) VALUES ('50', '2');
INSERT INTO HORARIO (ID_BLOQUE, ID_PERS_MEDICO) VALUES ('51', '2');
INSERT INTO HORARIO (ID_BLOQUE, ID_PERS_MEDICO) VALUES ('52', '2');
INSERT INTO HORARIO (ID_BLOQUE, ID_PERS_MEDICO) VALUES ('53', '2');
INSERT INTO HORARIO (ID_BLOQUE, ID_PERS_MEDICO) VALUES ('54', '2');
INSERT INTO HORARIO (ID_BLOQUE, ID_PERS_MEDICO) VALUES ('55', '2');
INSERT INTO HORARIO (ID_BLOQUE, ID_PERS_MEDICO) VALUES ('56', '2');
INSERT INTO HORARIO (ID_BLOQUE, ID_PERS_MEDICO) VALUES ('57', '2');
INSERT INTO HORARIO (ID_BLOQUE, ID_PERS_MEDICO) VALUES ('58', '2');
INSERT INTO HORARIO (ID_BLOQUE, ID_PERS_MEDICO) VALUES ('59', '2');
INSERT INTO HORARIO (ID_BLOQUE, ID_PERS_MEDICO) VALUES ('60', '2');
INSERT INTO HORARIO (ID_BLOQUE, ID_PERS_MEDICO) VALUES ('61', '2');
INSERT INTO HORARIO (ID_BLOQUE, ID_PERS_MEDICO) VALUES ('62', '2');
INSERT INTO HORARIO (ID_BLOQUE, ID_PERS_MEDICO) VALUES ('63', '2');
INSERT INTO HORARIO (ID_BLOQUE, ID_PERS_MEDICO) VALUES ('64', '2');
INSERT INTO HORARIO (ID_BLOQUE, ID_PERS_MEDICO) VALUES ('65', '2');
INSERT INTO HORARIO (ID_BLOQUE, ID_PERS_MEDICO) VALUES ('66', '2');
INSERT INTO HORARIO (ID_BLOQUE, ID_PERS_MEDICO) VALUES ('67', '2');
INSERT INTO HORARIO (ID_BLOQUE, ID_PERS_MEDICO) VALUES ('68', '2');
INSERT INTO HORARIO (ID_BLOQUE, ID_PERS_MEDICO) VALUES ('69', '2');
INSERT INTO HORARIO (ID_BLOQUE, ID_PERS_MEDICO) VALUES ('70', '2');
INSERT INTO HORARIO (ID_BLOQUE, ID_PERS_MEDICO) VALUES ('71', '2');
INSERT INTO HORARIO (ID_BLOQUE, ID_PERS_MEDICO) VALUES ('72', '2');
INSERT INTO HORARIO (ID_BLOQUE, ID_PERS_MEDICO) VALUES ('73', '2');
INSERT INTO HORARIO (ID_BLOQUE, ID_PERS_MEDICO) VALUES ('74', '2');
INSERT INTO HORARIO (ID_BLOQUE, ID_PERS_MEDICO) VALUES ('75', '2');
INSERT INTO HORARIO (ID_BLOQUE, ID_PERS_MEDICO) VALUES ('76', '2');
INSERT INTO HORARIO (ID_BLOQUE, ID_PERS_MEDICO) VALUES ('77', '2');
INSERT INTO HORARIO (ID_BLOQUE, ID_PERS_MEDICO) VALUES ('78', '2');
INSERT INTO HORARIO (ID_BLOQUE, ID_PERS_MEDICO) VALUES ('79', '2');
INSERT INTO HORARIO (ID_BLOQUE, ID_PERS_MEDICO) VALUES ('80', '2');
INSERT INTO HORARIO (ID_BLOQUE, ID_PERS_MEDICO) VALUES ('81', '2');
INSERT INTO HORARIO (ID_BLOQUE, ID_PERS_MEDICO) VALUES ('82', '2');
INSERT INTO HORARIO (ID_BLOQUE, ID_PERS_MEDICO) VALUES ('83', '2');
INSERT INTO HORARIO (ID_BLOQUE, ID_PERS_MEDICO) VALUES ('84', '2');
INSERT INTO HORARIO (ID_BLOQUE, ID_PERS_MEDICO) VALUES ('85', '2');
INSERT INTO HORARIO (ID_BLOQUE, ID_PERS_MEDICO) VALUES ('86', '2');
INSERT INTO HORARIO (ID_BLOQUE, ID_PERS_MEDICO) VALUES ('87', '2');
INSERT INTO HORARIO (ID_BLOQUE, ID_PERS_MEDICO) VALUES ('88', '2');
INSERT INTO HORARIO (ID_BLOQUE, ID_PERS_MEDICO) VALUES ('89', '2');
INSERT INTO HORARIO (ID_BLOQUE, ID_PERS_MEDICO) VALUES ('90', '2');
INSERT INTO HORARIO (ID_BLOQUE, ID_PERS_MEDICO) VALUES ('91', '2');
INSERT INTO HORARIO (ID_BLOQUE, ID_PERS_MEDICO) VALUES ('92', '2');
INSERT INTO HORARIO (ID_BLOQUE, ID_PERS_MEDICO) VALUES ('93', '2');
INSERT INTO HORARIO (ID_BLOQUE, ID_PERS_MEDICO) VALUES ('94', '2');
INSERT INTO HORARIO (ID_BLOQUE, ID_PERS_MEDICO) VALUES ('95', '2');
INSERT INTO HORARIO (ID_BLOQUE, ID_PERS_MEDICO) VALUES ('96', '2');
INSERT INTO HORARIO (ID_BLOQUE, ID_PERS_MEDICO) VALUES ('97', '2');
INSERT INTO HORARIO (ID_BLOQUE, ID_PERS_MEDICO) VALUES ('98', '2');
INSERT INTO HORARIO (ID_BLOQUE, ID_PERS_MEDICO) VALUES ('99', '2');
INSERT INTO HORARIO (ID_BLOQUE, ID_PERS_MEDICO) VALUES ('100', '2');
INSERT INTO HORARIO (ID_BLOQUE, ID_PERS_MEDICO) VALUES ('1', '3');
INSERT INTO HORARIO (ID_BLOQUE, ID_PERS_MEDICO) VALUES ('2', '3');
INSERT INTO HORARIO (ID_BLOQUE, ID_PERS_MEDICO) VALUES ('3', '3');
INSERT INTO HORARIO (ID_BLOQUE, ID_PERS_MEDICO) VALUES ('4', '3');
INSERT INTO HORARIO (ID_BLOQUE, ID_PERS_MEDICO) VALUES ('5', '3');
INSERT INTO HORARIO (ID_BLOQUE, ID_PERS_MEDICO) VALUES ('6', '3');
INSERT INTO HORARIO (ID_BLOQUE, ID_PERS_MEDICO) VALUES ('7', '3');
INSERT INTO HORARIO (ID_BLOQUE, ID_PERS_MEDICO) VALUES ('8', '3');
INSERT INTO HORARIO (ID_BLOQUE, ID_PERS_MEDICO) VALUES ('9', '3');
INSERT INTO HORARIO (ID_BLOQUE, ID_PERS_MEDICO) VALUES ('10', '3');
INSERT INTO HORARIO (ID_BLOQUE, ID_PERS_MEDICO) VALUES ('11', '3');
INSERT INTO HORARIO (ID_BLOQUE, ID_PERS_MEDICO) VALUES ('12', '3');
INSERT INTO HORARIO (ID_BLOQUE, ID_PERS_MEDICO) VALUES ('13', '3');
INSERT INTO HORARIO (ID_BLOQUE, ID_PERS_MEDICO) VALUES ('14', '3');
INSERT INTO HORARIO (ID_BLOQUE, ID_PERS_MEDICO) VALUES ('15', '3');
INSERT INTO HORARIO (ID_BLOQUE, ID_PERS_MEDICO) VALUES ('16', '3');
INSERT INTO HORARIO (ID_BLOQUE, ID_PERS_MEDICO) VALUES ('17', '3');
INSERT INTO HORARIO (ID_BLOQUE, ID_PERS_MEDICO) VALUES ('18', '3');
INSERT INTO HORARIO (ID_BLOQUE, ID_PERS_MEDICO) VALUES ('19', '3');
INSERT INTO HORARIO (ID_BLOQUE, ID_PERS_MEDICO) VALUES ('20', '3');
INSERT INTO HORARIO (ID_BLOQUE, ID_PERS_MEDICO) VALUES ('21', '3');
INSERT INTO HORARIO (ID_BLOQUE, ID_PERS_MEDICO) VALUES ('22', '3');
INSERT INTO HORARIO (ID_BLOQUE, ID_PERS_MEDICO) VALUES ('23', '3');
INSERT INTO HORARIO (ID_BLOQUE, ID_PERS_MEDICO) VALUES ('24', '3');
INSERT INTO HORARIO (ID_BLOQUE, ID_PERS_MEDICO) VALUES ('25', '3');
INSERT INTO HORARIO (ID_BLOQUE, ID_PERS_MEDICO) VALUES ('26', '3');
INSERT INTO HORARIO (ID_BLOQUE, ID_PERS_MEDICO) VALUES ('27', '3');
INSERT INTO HORARIO (ID_BLOQUE, ID_PERS_MEDICO) VALUES ('28', '3');
INSERT INTO HORARIO (ID_BLOQUE, ID_PERS_MEDICO) VALUES ('29', '3');
INSERT INTO HORARIO (ID_BLOQUE, ID_PERS_MEDICO) VALUES ('29', '3');
INSERT INTO HORARIO (ID_BLOQUE, ID_PERS_MEDICO) VALUES ('30', '3');
INSERT INTO HORARIO (ID_BLOQUE, ID_PERS_MEDICO) VALUES ('32', '3');
INSERT INTO HORARIO (ID_BLOQUE, ID_PERS_MEDICO) VALUES ('33', '3');
INSERT INTO HORARIO (ID_BLOQUE, ID_PERS_MEDICO) VALUES ('34', '3');
INSERT INTO HORARIO (ID_BLOQUE, ID_PERS_MEDICO) VALUES ('35', '3');
INSERT INTO HORARIO (ID_BLOQUE, ID_PERS_MEDICO) VALUES ('36', '3');
INSERT INTO HORARIO (ID_BLOQUE, ID_PERS_MEDICO) VALUES ('37', '3');
INSERT INTO HORARIO (ID_BLOQUE, ID_PERS_MEDICO) VALUES ('38', '3');
INSERT INTO HORARIO (ID_BLOQUE, ID_PERS_MEDICO) VALUES ('39', '3');
INSERT INTO HORARIO (ID_BLOQUE, ID_PERS_MEDICO) VALUES ('40', '3');
INSERT INTO HORARIO (ID_BLOQUE, ID_PERS_MEDICO) VALUES ('41', '3');
INSERT INTO HORARIO (ID_BLOQUE, ID_PERS_MEDICO) VALUES ('42', '3');
INSERT INTO HORARIO (ID_BLOQUE, ID_PERS_MEDICO) VALUES ('43', '3');
INSERT INTO HORARIO (ID_BLOQUE, ID_PERS_MEDICO) VALUES ('44', '3');
INSERT INTO HORARIO (ID_BLOQUE, ID_PERS_MEDICO) VALUES ('45', '3');
INSERT INTO HORARIO (ID_BLOQUE, ID_PERS_MEDICO) VALUES ('46', '3');
INSERT INTO HORARIO (ID_BLOQUE, ID_PERS_MEDICO) VALUES ('47', '3');
INSERT INTO HORARIO (ID_BLOQUE, ID_PERS_MEDICO) VALUES ('48', '3');
INSERT INTO HORARIO (ID_BLOQUE, ID_PERS_MEDICO) VALUES ('49', '3');
INSERT INTO HORARIO (ID_BLOQUE, ID_PERS_MEDICO) VALUES ('50', '3');
INSERT INTO HORARIO (ID_BLOQUE, ID_PERS_MEDICO) VALUES ('51', '3');
INSERT INTO HORARIO (ID_BLOQUE, ID_PERS_MEDICO) VALUES ('52', '3');
INSERT INTO HORARIO (ID_BLOQUE, ID_PERS_MEDICO) VALUES ('53', '3');
INSERT INTO HORARIO (ID_BLOQUE, ID_PERS_MEDICO) VALUES ('54', '3');
INSERT INTO HORARIO (ID_BLOQUE, ID_PERS_MEDICO) VALUES ('55', '3');
INSERT INTO HORARIO (ID_BLOQUE, ID_PERS_MEDICO) VALUES ('56', '3');
INSERT INTO HORARIO (ID_BLOQUE, ID_PERS_MEDICO) VALUES ('57', '3');
INSERT INTO HORARIO (ID_BLOQUE, ID_PERS_MEDICO) VALUES ('58', '3');
INSERT INTO HORARIO (ID_BLOQUE, ID_PERS_MEDICO) VALUES ('59', '3');
INSERT INTO HORARIO (ID_BLOQUE, ID_PERS_MEDICO) VALUES ('60', '3');
INSERT INTO HORARIO (ID_BLOQUE, ID_PERS_MEDICO) VALUES ('61', '3');
INSERT INTO HORARIO (ID_BLOQUE, ID_PERS_MEDICO) VALUES ('62', '3');
INSERT INTO HORARIO (ID_BLOQUE, ID_PERS_MEDICO) VALUES ('63', '3');
INSERT INTO HORARIO (ID_BLOQUE, ID_PERS_MEDICO) VALUES ('64', '3');
INSERT INTO HORARIO (ID_BLOQUE, ID_PERS_MEDICO) VALUES ('65', '3');
INSERT INTO HORARIO (ID_BLOQUE, ID_PERS_MEDICO) VALUES ('66', '3');
INSERT INTO HORARIO (ID_BLOQUE, ID_PERS_MEDICO) VALUES ('67', '3');
INSERT INTO HORARIO (ID_BLOQUE, ID_PERS_MEDICO) VALUES ('68', '3');
INSERT INTO HORARIO (ID_BLOQUE, ID_PERS_MEDICO) VALUES ('69', '3');
INSERT INTO HORARIO (ID_BLOQUE, ID_PERS_MEDICO) VALUES ('70', '3');
INSERT INTO HORARIO (ID_BLOQUE, ID_PERS_MEDICO) VALUES ('71', '3');
INSERT INTO HORARIO (ID_BLOQUE, ID_PERS_MEDICO) VALUES ('72', '3');
INSERT INTO HORARIO (ID_BLOQUE, ID_PERS_MEDICO) VALUES ('73', '3');
INSERT INTO HORARIO (ID_BLOQUE, ID_PERS_MEDICO) VALUES ('74', '3');
INSERT INTO HORARIO (ID_BLOQUE, ID_PERS_MEDICO) VALUES ('75', '3');
INSERT INTO HORARIO (ID_BLOQUE, ID_PERS_MEDICO) VALUES ('76', '3');
INSERT INTO HORARIO (ID_BLOQUE, ID_PERS_MEDICO) VALUES ('77', '3');
INSERT INTO HORARIO (ID_BLOQUE, ID_PERS_MEDICO) VALUES ('78', '3');
INSERT INTO HORARIO (ID_BLOQUE, ID_PERS_MEDICO) VALUES ('79', '3');
INSERT INTO HORARIO (ID_BLOQUE, ID_PERS_MEDICO) VALUES ('80', '3');
INSERT INTO HORARIO (ID_BLOQUE, ID_PERS_MEDICO) VALUES ('81', '3');
INSERT INTO HORARIO (ID_BLOQUE, ID_PERS_MEDICO) VALUES ('82', '3');
INSERT INTO HORARIO (ID_BLOQUE, ID_PERS_MEDICO) VALUES ('83', '3');
INSERT INTO HORARIO (ID_BLOQUE, ID_PERS_MEDICO) VALUES ('84', '3');
INSERT INTO HORARIO (ID_BLOQUE, ID_PERS_MEDICO) VALUES ('85', '3');
INSERT INTO HORARIO (ID_BLOQUE, ID_PERS_MEDICO) VALUES ('86', '3');
INSERT INTO HORARIO (ID_BLOQUE, ID_PERS_MEDICO) VALUES ('87', '3');
INSERT INTO HORARIO (ID_BLOQUE, ID_PERS_MEDICO) VALUES ('88', '3');
INSERT INTO HORARIO (ID_BLOQUE, ID_PERS_MEDICO) VALUES ('89', '3');
INSERT INTO HORARIO (ID_BLOQUE, ID_PERS_MEDICO) VALUES ('90', '3');
INSERT INTO HORARIO (ID_BLOQUE, ID_PERS_MEDICO) VALUES ('91', '3');
INSERT INTO HORARIO (ID_BLOQUE, ID_PERS_MEDICO) VALUES ('92', '3');
INSERT INTO HORARIO (ID_BLOQUE, ID_PERS_MEDICO) VALUES ('93', '3');
INSERT INTO HORARIO (ID_BLOQUE, ID_PERS_MEDICO) VALUES ('94', '3');
INSERT INTO HORARIO (ID_BLOQUE, ID_PERS_MEDICO) VALUES ('95', '3');
INSERT INTO HORARIO (ID_BLOQUE, ID_PERS_MEDICO) VALUES ('96', '3');
INSERT INTO HORARIO (ID_BLOQUE, ID_PERS_MEDICO) VALUES ('97', '3');
INSERT INTO HORARIO (ID_BLOQUE, ID_PERS_MEDICO) VALUES ('98', '3');
INSERT INTO HORARIO (ID_BLOQUE, ID_PERS_MEDICO) VALUES ('99', '3');
INSERT INTO HORARIO (ID_BLOQUE, ID_PERS_MEDICO) VALUES ('100', '3');

commit;
